[Phoenix Wright],,[Phoenix Wright]
"#""It's been two months since""",,"#""ผ่านมาสองเดือนแล้ว"""
[NewLine();],,[NewLine();]
"#""Maya left the office...""",,"#""ที่<มายา>กลับบ้านไป..."""
[ReadKey();],,[ReadKey();]
"#""Two months without""",,"#""สองเดือนที่ไม่มี"""
[NewLine();],,[NewLine();]
"#""a single trial.""",,"#""คดีเลยแม้แต่คดีเดียว"""
[ReadKey();],,[ReadKey();]
"#""I've had offers...""",,"#""เรื่องจริงก็พอมีบ้าง..."""
[Wait(20);],,[Wait(20);]
[NewLine();],,[NewLine();]
"#""But none I took.""",,"#""แต่ฉันแค่ไม่รับก็เท่านั้น"""
[ReadKey();],,[ReadKey();]
"#""That is...""",,"#""จนกระทั่งวันนั้น..."""
[Wait(20);],,[Wait(20);]
[NewLine();],,[NewLine();]
"#""until the day that""",,"#""วันที่เด็กผู้หญิงคนนั้น"""
[NewLine();],,[NewLine();]
"#""girl showed up.""",,"#""โผล่มา"""
[ReadKey();],,[ReadKey();]
,,
[Clear Speaker],,[Clear Speaker]
[SetTextColor(Green);],,[SetTextColor(Green);]
"#""February 22, 10:02 AM""",,"#""22 กุมภาพันธ์ 10:02 น."""
[NewLine();],,[NewLine();]
"#""Wright ＆ Co. Law Offices""",,"#""สำนักงานทนายความ<ไรท์>และเพื่อน"""
[ReadKey();],,[ReadKey();]
,,
[Phoenix Wright],,[Phoenix Wright]
,,
[Phoenix Wright],,[Phoenix Wright]
[SetTextColor(Blue);],,[SetTextColor(Blue);]
"#""(Why do I come here to""",,"#""(ทำไมฉันต้องมาที่ออฟฟิศ"""
[NewLine();],,[NewLine();]
"#""the office every day?)""",,"#""ทุกวันด้วยนะ?)"""
[ReadKey();],,[ReadKey();]
"#""(It's not like I want to""",,"#""(ก็ไม่ใช่ว่าอยากจะทำงาน"""
[NewLine();],,[NewLine();]
"#""work...)""",,"#""สักหน่อย...)"""
[SetTextColor(White);],,[SetTextColor(White);]
[ReadKey();],,[ReadKey();]
,,
[Unknown Speaker],,[Unknown Speaker]
"#""There you are!""",,"#""นี่ไง! อยู่นี่เอง!"""
[Wait(20);],,[Wait(20);]
"#"" Finally!""",,"#"" ในที่สุด!"""
[ReadKey();],,[ReadKey();]
,,
[Unknown Speaker],,[Unknown Speaker]
"#""Where have you been!?""",,"#""คุณไปอยู่ไหนมา!?"""
[ReadKey();],,[ReadKey();]
"#""My sister's trial is tomorrow!""",,"#""คดีของพี่หนูเริ่มพรุ่งนี้นะ!"""
[Op_2D();],,[Op_2D();]
,,
[Phoenix Wright],,[Phoenix Wright]
"#""...""",,"#""..."""
[Op_2D();],,[Op_2D();]
"#""...""",,"#""..."""
[Op_2D();],,[Op_2D();]
"#""Um...""",,"#""เอิ่ม..."""
[Wait(20);],,[Wait(20);]
"#"" who are you?""",,"#"" เธอเป็นใครนะ?"""
[ReadKey();],,[ReadKey();]
,,
[Unknown Speaker],,[Unknown Speaker]
"#""It doesn't matter who I am!""",,"#""ไม่ต้องสนหรอกว่าหนูเป็นใคร!"""
[Wait(20);],,[Wait(20);]
[NewLine();],,[NewLine();]
"#""It only matters who YOU are!""",,"#""ที่สำคัญคือ ""คุณ"" เป็นใครต่างหาก!"""
[ReadKey();],,[ReadKey();]
"#""The famous defense""",,"#""ทนายความผู้โด่งดัง"""
[NewLine();],,[NewLine();]
"#""attorney, Mia Fey!""",,"#""<มีอา เฟย์>!"""
[Op_2D();],,[Op_2D();]
,,
[Phoenix Wright],,[Phoenix Wright]
"#""...""",,"#""..."""
[Op_2D();],,[Op_2D();]
,,
[Unknown Speaker],,[Unknown Speaker]
"#""...""",,"#""..."""
[Op_2D();],,[Op_2D();]
,,
[Phoenix Wright],,[Phoenix Wright]
"#""...""",,"#""..."""
[ReadKey();],,[ReadKey();]
,,
[Unknown Speaker],,[Unknown Speaker]
"#""Oh, uh...""",,"#""โอ๊ะ เอิ่ม..."""
[NewLine();],,[NewLine();]
"#""You're not Mia Fey, are you?""",,"#""คุณไม่ใช่<มีอา เฟย์> หรอกเหรอ?"""
[Op_2D();],,[Op_2D();]
,,
[Phoenix Wright],,[Phoenix Wright]
"#""I'm sorry but Ms. Mia Fey""",,"#""ขอโทษด้วยนะ แต่คุณ<มีอา เฟย์>"""
[NewLine();],,[NewLine();]
"#""no longer...""",,"#""ไม่ได้..."""
[Wait(10);],,[Wait(10);]
"#"" works here.""",,"#"" ทำงานที่นี่แล้ว"""
[ReadKey();],,[ReadKey();]
,,
[Unknown Speaker],,[Unknown Speaker]
"#""So you are...?""",,"#""งั้นคุณก็เป็น...?"""
[NewLine();],,[NewLine();]
"#""The coffee boy?""",,"#""ไรเดอร์ส่งอาหาร?"""
[Op_2D();],,[Op_2D();]
,,
[Phoenix Wright],,[Phoenix Wright]
"#""I'm Phoenix Wright...""",,"#""ฉันชื่อ<ฟีนิกซ์ ไรท์>..."""
[Wait(20);],,[Wait(20);]
[NewLine();],,[NewLine();]
"#""A defense attorney.""",,"#""เป็นทนายความ"""
[ReadKey();],,[ReadKey();]
,,
[Unknown Speaker],,[Unknown Speaker]
"#""Wright...""",,"#""<ไรท์>..."""
[Wait(20);],,[Wait(20);]
"#"" Wright...""",,"#"" <ไรท์>..."""
[NewLine();],,[NewLine();]
"#""Wait!""",,"#""เดี๋ยวนะ!"""
[ReadKey();],,[ReadKey();]
"#""You're THE Phoenix Wright!?""",,"#""คุณคือ<ฟีนิกซ์ ไรท์>!?"""
[ReadKey();],,[ReadKey();]
"#""The Phoenix Wright from """,,"#""<ฟีนิกซ์ ไรท์>จาก"""
[SetTextColor(Red);],,[SetTextColor(Red);]
"#""the """,,"#""คดีที่"""
[NewLine();],,[NewLine();]
"#""Edgeworth murder case""",,"#""คุณ<เอ็จเวิร์ธ>เป็นฆาตกรน่ะนะ"""
[SetTextColor(White);],,[SetTextColor(White);]
"#""!?""",,"#""!?"""
[Op_2D();],,[Op_2D();]
,,
[Phoenix Wright],,[Phoenix Wright]
"#""Um, yes, that's correct.""",,"#""เอิ่ม ใช่ นั่นแหละ"""
[Wait(20);],,[Wait(20);]
[NewLine();],,[NewLine();]
[SetTextColor(Blue);],,[SetTextColor(Blue);]
"#""(It wasn't Edgeworth who""",,"#""(แต่<เอ็จเวิร์ธ>ไม่ใช่ฆาตกร"""
[NewLine();],,[NewLine();]
"#""was murdered, though...)""",,"#""ซะหน่อย...)"""
[SetTextColor(White);],,[SetTextColor(White);]
[ReadKey();],,[ReadKey();]
,,
[Unknown Speaker],,[Unknown Speaker]
"#""That's a relief then!""",,"#""ใจชื้นขึ้นมาเลย!"""
[Wait(20);],,[Wait(20);]
[NewLine();],,[NewLine();]
"#""You're better than nobody!""",,"#""ก็ยังดีกว่าใครที่ไหนก็ไม่รู้ละกัน!"""
[Op_2D();],,[Op_2D();]
,,
[Phoenix Wright],,[Phoenix Wright]
"#""I'm sorry...""",,"#""เสียใจด้วยนะ..."""
[Wait(20);],,[Wait(20);]
"#"" I'm afraid I'm""",,"#"" แต่ฉันเกรงว่า"""
[NewLine();],,[NewLine();]
"#""not taking cases right now.""",,"#""ฉันไม่รับทำคดีในตอนนี้"""
[ReadKey();],,[ReadKey();]
,,
[Unknown Speaker],,[Unknown Speaker]
"#""But, you are Phoenix Wright,""",,"#""แต่คุณคือ<ฟีนิกซ์ ไรท์>"""
[NewLine();],,[NewLine();]
"#""right?""",,"#""ไม่ใช่เหรอ?"""
[ReadKey();],,[ReadKey();]
"#""The undefeated defense""",,"#""ทนายฟ้าประทานไร้พ่าย?"""
[NewLine();],,[NewLine();]
"#""attorney?""",,"#"""""
[Op_2D();],,[Op_2D();]
,,
[Phoenix Wright],,[Phoenix Wright]
"#""Look, I'm not accepting any""",,"#""ฟังนะ ฉันไม่รับทำคดี"""
[NewLine();],,[NewLine();]
"#""new cases.""",,"#""ใน ณ ตอนนี้"""
[Op_2D();],,[Op_2D();]
"#""I'm sorry, but you'll have""",,"#""ขอโทษด้วย แต่เธอต้องไป"""
[NewLine();],,[NewLine();]
"#""to try elsewhere.""",,"#""ลองหาที่อื่นดูแล้วล่ะ"""
[ReadKey();],,[ReadKey();]
,,
[Unknown Speaker],,[Unknown Speaker]
"#""Please!""",,"#""ได้โปรด!"""
[NewLine();],,[NewLine();]
"#""I'm out of time!""",,"#""หนูไม่มีเวลาเหลือแล้ว!"""
[Op_2D();],,[Op_2D();]
,,
[Phoenix Wright],,[Phoenix Wright]
"#""But...""",,"#""แต่..."""
[ReadKey();],,[ReadKey();]
,,
[Unknown Speaker],,[Unknown Speaker]
"#""Please, you have to help!""",,"#""ได้โปรด คุณต้องช่วยหนูนะ!"""
[Wait(20);],,[Wait(20);]
[NewLine();],,[NewLine();]
"#""I-""",,"#""พ-"""
[Wait(8);],,[Wait(8);]
"#""it's """,,"#""พี่สาว"""
"#""my sister!""",,"#""หนู!"""
[Op_2D();],,[Op_2D();]
,,
[Phoenix Wright],,[Phoenix Wright]
"#""...!""",,"#""...!"""
[Wait(20);],,[Wait(20);]
[Op_2D();],,[Op_2D();]
[ClearText();],,[ClearText();]
,,
[Phoenix Wright],,[Phoenix Wright]
[SetTextColor(Blue);],,[SetTextColor(Blue);]
"#""(Maya...?""",,"#""(<มายา>...?"""
[Wait(20);],,[Wait(20);]
"#"" Could it be...?)""",,"#"" หรือว่า...?)"""
[SetTextColor(White);],,[SetTextColor(White);]
[Op_2D();],,[Op_2D();]
,,
[Phoenix Wright],,[Phoenix Wright]
"#""...""",,"#""..."""
[Op_2D();],,[Op_2D();]
"#""Okay.""",,"#""โอเค"""
[Wait(20);],,[Wait(20);]
[NewLine();],,[NewLine();]
"#""I'll hear you out.""",,"#""ยอมฟังก็ได้"""
[ReadKey();],,[ReadKey();]
,,
[Unknown Speaker],,[Unknown Speaker]
"#""R-""",,"#""จ-"""
[Wait(8);],,[Wait(8);]
"#""really!?""",,"#""จริงเหรอ!?"""
[NewLine();],,[NewLine();]
"#""Thank you so much!""",,"#""ขอบคุณมากค่ะ!"""
[ReadKey();],,[ReadKey();]
"#""My name's Ema,""",,"#""หนูชื่อ<เอม่า>"""
[Wait(10);],,[Wait(10);]
"#"" Ema Skye.""",,"#"" <เอม่า สกาย>"""
[Wait(20);],,[Wait(20);]
[NewLine();],,[NewLine();]
"#""I'm a scientific investigator.""",,"#""หนูเป็นนักสืบวิทยาศาสตร์"""
[Op_2D();],,[Op_2D();]
,,
[Phoenix Wright],,[Phoenix Wright]
[SetTextColor(Blue);],,[SetTextColor(Blue);]
"#""(Scientific investigator?)""",,"#""(นักสืบวิทยาศาสตร์?)"""
[SetTextColor(White);],,[SetTextColor(White);]
[ReadKey();],,[ReadKey();]
[Op_15();],,[Op_15();]
,,
[Phoenix Wright],,[Phoenix Wright]
"#""Mia's plant, ""Charley.""""",,"#""ต้นไม้ของ<มีอา>ชื่อ ""ชาร์ลี่"""""
[Op_2D();],,[Op_2D();]
"#""I've been taking care of""",,"#""ฉันเป็นคนดูแลมันแทน"""
[NewLine();],,[NewLine();]
"#""him in Maya's absence.""",,"#""ตอนที่<มายา>ไม่อยู่"""
[Op_2D();],,[Op_2D();]
[Op_15();],,[Op_15();]
,,
[Phoenix Wright],,[Phoenix Wright]
"#""Difficult-looking legal books""",,"#""หนังสือกฎหมายตัวร้าย"""
[NewLine();],,[NewLine();]
"#""stand in a formidable row.""",,"#""วางเรียงกันอย่างน่าเกรงขาม"""
[Wait(20);],,[Wait(20);]
[NewLine();],,[NewLine();]
"#""They mock me.""",,"#""พวกมันกำลังเยาะเย้ยฉัน"""
[Op_2D();],,[Op_2D();]
"#""I tried reading one,""",,"#""มีตอนนึงที่ฉันพยายาม"""
[NewLine();],,[NewLine();]
"#""and it made my head hurt.""",,"#""อ่านมัน หัวฉันก็เริ่มปวด"""
[Op_2D();],,[Op_2D();]
"#""When I closed it, it slipped""",,"#""พอฉันหยุดอ่านแล้วปิดหนังสือ"""
[NewLine();],,[NewLine();]
"#""out of my hand.""",,"#""มันก็หลุดมือ """
[Wait(20);],,[Wait(20);]
"#"" Then my foot""",,"#"" ทีนี้เท้าฉัน"""
[NewLine();],,[NewLine();]
"#""hurt too.""",,"#""ก็ปวดไปด้วยเลย"""
[Op_2D();],,[Op_2D();]
[Op_15();],,[Op_15();]
,,
[Phoenix Wright],,[Phoenix Wright]
"#""Looks like it's cleaning""",,"#""เหมือนว่าโรงแรมจะ"""
[NewLine();],,[NewLine();]
"#""day again at the hotel """,,"#""คลีนนิ่งเดย์กันอีกแล้ว"""
[NewLine();],,[NewLine();]
"#""across the way.""",,"#""ขยันขันแข็งกันจริงๆ"""
[Op_2D();],,[Op_2D();]
"#""I hear they're planning""",,"#""ฉันได้ยินมาว่าพวกเขา"""
[NewLine();],,[NewLine();]
"#""a second branch outside""",,"#""จะเปิดสาขาสอง"""
[NewLine();],,[NewLine();]
"#""the city.""",,"#""ข้างนอกตัวเมืองด้วย"""
[Op_2D();],,[Op_2D();]
"#""Egads!""",,"#""อุ๊ยตาย!"""
[Wait(20);],,[Wait(20);]
"#"" The bellboy was""",,"#"" บ๋อยโรงแรมกำลังจ้อง"""
[NewLine();],,[NewLine();]
"#""staring right at me.""",,"#""มาที่ฉัน"""
[Op_2D();],,[Op_2D();]
[Op_15();],,[Op_15();]
,,
[Phoenix Wright],,[Phoenix Wright]
"#""Mia's desk.""",,"#""โต๊ะของ<มีอา>"""
[Op_2D();],,[Op_2D();]
"#""I sit here even less now""",,"#""ฉันไม่ค่อยได้มานั่งเท่าไหร่"""
[NewLine();],,[NewLine();]
"#""that I've stopped taking""",,"#""หลังจากที่หยุดรับคดี"""
[NewLine();],,[NewLine();]
"#""cases.""",,"#"""""
[Op_2D();],,[Op_2D();]
"#""I ought to at least dust""",,"#""อย่างน้อยฉันน่าจะมา"""
[NewLine();],,[NewLine();]
"#""it off once in a while.""",,"#""ปัดฝุ่นบ้างบางครั้งบางครา"""
[Op_2D();],,[Op_2D();]
[Op_15();],,[Op_15();]
,,
[Phoenix Wright],,[Phoenix Wright]
"#""There's a poster of the""",,"#""มันมีโปสเตอร์"""
[NewLine();],,[NewLine();]
"#""Steel Samurai on the wall.""",,"#""ซามูไรเหล็กไหลอยู่บนกำแพง"""
[Op_2D();],,[Op_2D();]
"#""Maya stuck it up here""",,"#""<มายา>เป็นคนมาแขวนไว้"""
[NewLine();],,[NewLine();]
"#""on the day that she left.""",,"#""ก่อนเธอจะกลับไป"""
[Op_2D();],,[Op_2D();]
"#""I didn't have the heart""",,"#""ฉันไม่กล้าเอามันออกเลย"""
[NewLine();],,[NewLine();]
"#""to take it down.""",,"#"""""
[ReadKey();],,[ReadKey();]
,,
[Ema],,[Ema]
"#""...""",,"#""..."""
[Op_2D();],,[Op_2D();]
,,
[Phoenix Wright],,[Phoenix Wright]
"#""I do sometimes get strange""",,"#""แต่บางครั้งฉันก็โดนมอง"""
[NewLine();],,[NewLine();]
"#""looks from the clients, though.""",,"#""แปลกๆ จากลูกความ"""
[Op_2D();],,[Op_2D();]
[Op_15();],,[Op_15();]
,,
[Phoenix Wright],,[Phoenix Wright]
"#""Ema, """,,"#""<เอม่า>"""
[Wait(10);],,[Wait(10);]
"#""was it? """,,"#""ใช่ไหม?"""
[Wait(20);],,[Wait(20);]
[NewLine();],,[NewLine();]
"#""So you're a """,,"#""เธอ"""
"#""""scientific""",,"#""เป็น"""
[NewLine();],,[NewLine();]
"#""investigator""?""",,"#""""นักสืบวิทยาศาสตร์"" งั้นสินะ?"""
[ReadKey();],,[ReadKey();]
,,
[Ema],,[Ema]
"#""Yes!""",,"#""ใช่!"""
[Wait(20);],,[Wait(20);]
"#"" That's right!""",,"#"" แด็สไรท์!"""
[Wait(20);],,[Wait(20);]
[NewLine();],,[NewLine();]
"#""Is...""",,"#""คุณ..."""
[Wait(20);],,[Wait(20);]
"#"" something wrong?""",,"#"" มีปัญหาอะไรหรือเปล่าคะ?"""
[Op_2D();],,[Op_2D();]
,,
[Phoenix Wright],,[Phoenix Wright]
"#""No,""",,"#""ไม่"""
[Wait(10);],,[Wait(10);]
"#"" it's just,""",,"#"" ก็แค่"""
[Wait(8);],,[Wait(8);]
"#"" you seem""",,"#"" เธอเหมือนแบบ"""
[NewLine();],,[NewLine();]
"#""kind of,""",,"#""ประมาณว่า"""
[Wait(8);],,[Wait(8);]
"#"" er,""",,"#"" เอ่อ"""
[Wait(8);],,[Wait(8);]
"#"" jumpy.""",,"#"" มือใหม่"""
[Wait(15);],,[Wait(15);]
"#"" Or""",,"#"" หรือ"""
[NewLine();],,[NewLine();]
"#""maybe just...""",,"#""อาจจะแบบว่า..."""
[Wait(8);],,[Wait(8);]
"#"" young?""",,"#"" เด็กไปหน่อยไหม?"""
[ReadKey();],,[ReadKey();]
,,
[Ema],,[Ema]
"#""Young?""",,"#""เด็กเหรอ?"""
[ReadKey();],,[ReadKey();]
"#""I'll be sixteen years""",,"#""ปีนี้หนูจะอายุ"""
[NewLine();],,[NewLine();]
"#""old this year!""",,"#""สิบหกแล้วนะ!"""
[Op_2D();],,[Op_2D();]
,,
[Phoenix Wright],,[Phoenix Wright]
"#""Oh, I see...""",,"#""อ๋อ เข้าใจละ..."""
[Wait(20);],,[Wait(20);]
"#"" """,,"#"" """
"#""wait!""",,"#""เดี๋ยว!"""
[Wait(20);],,[Wait(20);]
[NewLine();],,[NewLine();]
"#""Only sixteen!?""",,"#""แค่สิบหกเองเหรอ!?"""
[ReadKey();],,[ReadKey();]
,,
[Ema],,[Ema]
"#""I'm set to be formally""",,"#""หนูตั้งเป้าว่าจะทำงานเป็น"""
[NewLine();],,[NewLine();]
"#""assigned to Forensics in""",,"#""หมอนิติเวช"""
[NewLine();],,[NewLine();]
"#""three more years.""",,"#""ในอีกสามปี"""
[ReadKey();],,[ReadKey();]
"#""My work is becoming """,,"#""ผลงานของหนูก็เริ่ม"""
"#""quite""",,"#"""""
[NewLine();],,[NewLine();]
"#""well known...""",,"#""มีชื่อเสียงบ้างแล้ว..."""
[NewLine();],,[NewLine();]
"#""At my age,""",,"#""ขนาดอายุยังเท่านี้"""
[Wait(15);],,[Wait(15);]
"#"" no less!""",,"#""นะเนี่ย!"""
[Op_2D();],,[Op_2D();]
,,
[Phoenix Wright],,[Phoenix Wright]
"#""Um, so what exactly is your""",,"#""เอิ่ม แล้วตำแหน่งที่เธอ"""
[NewLine();],,[NewLine();]
"#""current position, then?""",,"#""ทำงานอยู่ตอนนี้คืออะไรล่ะ?"""
[ReadKey();],,[ReadKey();]
,,
[Ema],,[Ema]
"#""Well, legally speaking...""",,"#""ก็ ถ้าให้พูดในเชิงนิติศาสตร์..."""
[ReadKey();],,[ReadKey();]
"#""I guess you'd call me an""",,"#""ก็คงจะเรียกหนูว่า"""
[Wait(15);],,[Wait(15);]
[NewLine();],,[NewLine();]
"#""""Eleventh Grader.""""",,"#""""นักเรียนชั้นมัธยมศึกษาปีที่ 5"""""
[ReadKey();],,[ReadKey();]
"#""But I'm ready to do my job!""",,"#""แต่หนูพร้อมทำงานแล้วนะ!"""
[Wait(20);],,[Wait(20);]
[NewLine();],,[NewLine();]
"#""At my age,""",,"#""ขนาดอายุยังเท่านี้"""
[Wait(15);],,[Wait(15);]
"#"" no less!""",,"#""นะเนี่ย!"""
[Op_2D();],,[Op_2D();]
,,
[Phoenix Wright],,[Phoenix Wright]
[SetTextColor(Blue);],,[SetTextColor(Blue);]
"#""(Great, another future""",,"#""(เยี่ยมเลย ผู้เชี่ยวชาญ"""
[NewLine();],,[NewLine();]
"#""professional in training...)""",,"#""ที่กำลังฝึกฝนอีกแล้ว...)"""
[SetTextColor(White);],,[SetTextColor(White);]
[ReadKey();],,[ReadKey();]
[Op_15();],,[Op_15();]
,,
[Phoenix Wright],,[Phoenix Wright]
"#""So what's this about a case?""",,"#""แล้วเรื่องคดีล่ะ?"""
[Wait(20);],,[Wait(20);]
[NewLine();],,[NewLine();]
"#""You said the trial's tomorrow?""",,"#""เธอบอกว่าศาลเริ่มพรุ่งนี้เหรอ?"""
[ReadKey();],,[ReadKey();]
,,
[Ema],,[Ema]
"#""My sister """,,"#""พี่สาวหนูไม่ได้"""
"#""didn't do it!""",,"#""เป็นคนทำ!"""
[NewLine();],,[NewLine();]
"#""She wouldn't stab someone""",,"#""ไม่มีทางที่เธอจะไปใช้มีด"""
[NewLine();],,[NewLine();]
"#""with a knife!""",,"#""แทงใคร!"""
[Wait(20);],,[Wait(20);]
"#"" She wouldn't!""",,"#"" ไม่มีทาง!"""
[Op_2D();],,[Op_2D();]
,,
[Phoenix Wright],,[Phoenix Wright]
"#""So...""",,"#""งั้น..."""
[Wait(20);],,[Wait(20);]
"#"" it's a murder case.""",,"#"" ก็เป็นคดีฆาตกรรมสินะ"""
[ReadKey();],,[ReadKey();]
,,
[Ema],,[Ema]
"#""I don't care if there's a""",,"#""หนูไม่สนว่าจะมีพยาน"""
[NewLine();],,[NewLine();]
"#""witness who saw her do it!""",,"#""มาเห็นเธอทำ!"""
[Wait(20);],,[Wait(20);]
[NewLine();],,[NewLine();]
"#""She didn't do it!""",,"#""เธอไม่ได้ทำ!"""
[ReadKey();],,[ReadKey();]
"#""I know she didn't do it!""",,"#""หนูรู้ว่าเธอไม่ได้ทำแน่!"""
[NewLine();],,[NewLine();]
"#""It's a scientific fact!""",,"#""มันเป็นข้อเท็จจริงทางวิทยาศาสตร์!"""
[Op_2D();],,[Op_2D();]
,,
[Phoenix Wright],,[Phoenix Wright]
"#""And...""",,"#""แล้วก็..."""
[Wait(20);],,[Wait(20);]
"#"" there's a witness.""",,"#"" มีพยานซะด้วย"""
[ReadKey();],,[ReadKey();]
,,
[Ema],,[Ema]
"#""J-""",,"#""ป-"""
[Wait(8);],,[Wait(8);]
"#""just talk to her!""",,"#""ไปคุยกับเธอ!"""
[Wait(20);],,[Wait(20);]
[NewLine();],,[NewLine();]
"#""You have to talk to her!""",,"#""คุณต้องไปคุยกับเธอนะ!"""
[Op_2D();],,[Op_2D();]
,,
[Phoenix Wright],,[Phoenix Wright]
"#""Right...""",,"#""ก็ได้..."""
[Wait(20);],,[Wait(20);]
[NewLine();],,[NewLine();]
"#""I suppose I will.""",,"#""อย่างงั้นก็ได้"""
[ReadKey();],,[ReadKey();]
,,
[Ema],,[Ema]
"#""I promised her I'd bring""",,"#""หนูสัญญาว่าจะพา"""
[NewLine();],,[NewLine();]
"#""Mia Fey, but...""",,"#""<มีอา เฟย์>ไปหา แต่..."""
[Op_2D();],,[Op_2D();]
,,
[Phoenix Wright],,[Phoenix Wright]
[SetTextColor(Blue);],,[SetTextColor(Blue);]
"#""(That's interesting...)""",,"#""(น่าสนใจ...)"""
[Op_2D();],,[Op_2D();]
"#""(How would she know """,,"#""(เธอรู้จัก"""
[SetTextColor(Red);],,[SetTextColor(Red);]
"#""Mia""",,"#""<มีอา>"""
[SetTextColor(Blue);],,[SetTextColor(Blue);]
"#""?)""",,"#""ได้ยังไง?)"""
[SetTextColor(White);],,[SetTextColor(White);]
[ReadKey();],,[ReadKey();]
[Op_15();],,[Op_15();]
,,
[Phoenix Wright],,[Phoenix Wright]
"#""So, you want to be a""",,"#""งั้นเธอโตไปอยากเป็น"""
[NewLine();],,[NewLine();]
"#""scientific investigator""",,"#""นักสืบวิทยาศาสตร์"""
[NewLine();],,[NewLine();]
"#""when you grow up, then?""",,"#""ใช่ไหม?"""
[ReadKey();],,[ReadKey();]
,,
[Ema],,[Ema]
"#""E-""",,"#""ท-"""
[Wait(10);],,[Wait(10);]
"#""excuse me?""",,"#""โทษทีนะคะ?"""
[ReadKey();],,[ReadKey();]
"#""I'm """,,"#""หนู"""
"#""not a child,""",,"#""ไม่ใช่เด็กนะ"""
[Wait(15);],,[Wait(15);]
[NewLine();],,[NewLine();]
"#""I'll have you know!""",,"#""บอกไว้ก่อน!"""
[Op_2D();],,[Op_2D();]
,,
[Phoenix Wright],,[Phoenix Wright]
"#""Still, it's good to have a""",,"#""แต่มีเป้าหมายก็ดีแล้วล่ะ"""
[NewLine();],,[NewLine();]
"#""goal.""",,"#"""""
[Wait(20);],,[Wait(20);]
"#"" Albeit a very unusual""",,"#""ถึงแม้ว่ามันเป็น"""
[NewLine();],,[NewLine();]
"#""one. """,,"#""เป้าหมายที่แปลกก็เถอะ"""
[ReadKey();],,[ReadKey();]
,,
[Ema],,[Ema]
"#""I believe investigations""",,"#""หนูเชื่อว่าการสืบสวน"""
[NewLine();],,[NewLine();]
"#""should be done scientifically!""",,"#""ต้องเป็นไปตามหลักวิทยาศาสตร์!"""
[ReadKey();],,[ReadKey();]
"#""Don't you?""",,"#""คิดเหมือนหนูไหม?"""
[Op_2D();],,[Op_2D();]
,,
[Phoenix Wright],,[Phoenix Wright]
"#""Uh, yeah.""",,"#""เอ่อ ใช่ เห็นด้วย"""
[Wait(20);],,[Wait(20);]
[NewLine();],,[NewLine();]
[SetTextColor(Blue);],,[SetTextColor(Blue);]
"#""(Sure can't fault her""",,"#""(โทษเธอไม่ได้หรอกนะ"""
[NewLine();],,[NewLine();]
"#""for a lack of enthusiasm.)""",,"#""ที่ฉันไม่อินด้วยน่ะ)"""
[SetTextColor(White);],,[SetTextColor(White);]
[ReadKey();],,[ReadKey();]
,,
[Ema],,[Ema]
"#""If this case is handled""",,"#""ถ้าคดีนี้ถูกสืบสวนด้วย"""
[NewLine();],,[NewLine();]
"#""scientifically,""",,"#""ขั้นตอนทางวิทยาศาสตร์"""
[Wait(15);],,[Wait(15);]
"#"" """,,"#"""""
"#""I'm sure my""",,"#"""""
[NewLine();],,[NewLine();]
"#""sister's name will be cleared!""",,"#""หนูเชื่อว่าพี่หนูไม่มีความผิดแน่!"""
[Op_2D();],,[Op_2D();]
,,
[Phoenix Wright],,[Phoenix Wright]
"#""Your sister...?""",,"#""พี่เหรอ...?"""
[ReadKey();],,[ReadKey();]
,,
[Ema],,[Ema]
"#""I've been doing research,""",,"#""ดูก็รู้ว่า"""
[NewLine();],,[NewLine();]
"#""you know!""",,"#""หนูทำการวิจัยมา!"""
[ReadKey();],,[ReadKey();]
"#""I'm developing a new""",,"#""หนูกำลังพัฒนา"""
[NewLine();],,[NewLine();]
"#""scientific method of""",,"#""วิธีใหม่ในการสืบสวนคดี"""
[NewLine();],,[NewLine();]
"#""case investigation!""",,"#""โดยใช้หลักการวิทยาศาสตร์!"""
[ReadKey();],,[ReadKey();]
"#""I'll show you when I'm done!""",,"#""ทำเสร็จแล้วเดี๋ยวบอกละกัน!"""
[Op_2D();],,[Op_2D();]
,,
[Phoenix Wright],,[Phoenix Wright]
"#""I'm looking forward to it.""",,"#""เดี๋ยวรอดูเลย"""
[Op_2D();],,[Op_2D();]
[SetTextColor(Blue);],,[SetTextColor(Blue);]
"#""(Guess I should get down to""",,"#""(ฉันคงต้องไปที่"""
[NewLine();],,[NewLine();]
"#""the Detention Center and""",,"#""สถานกักกันแล้ว"""
[NewLine();],,[NewLine();]
"#""talk to her sister.)""",,"#""ไปคุยกับพี่สาวเธอสินะ)"""
[SetTextColor(White);],,[SetTextColor(White);]
[ReadKey();],,[ReadKey();]
[Op_15();],,[Op_15();]
,,
[Ema],,[Ema]
"#""My sister asked for Mia""",,"#""พี่สาวหนูเจาะจง"""
[NewLine();],,[NewLine();]
"#""specifically.""",,"#""ว่าอยากได้คุณ<มีอา>"""
[ReadKey();],,[ReadKey();]
"#""This ""Mia Fey"" person...""",,"#""<มีอา เฟย์>คนนี้..."""
[NewLine();],,[NewLine();]
"#""was a few years below""",,"#""เป็นรุ่นน้องห่างกันไม่กี่ปี"""
[NewLine();],,[NewLine();]
"#""her in school.""",,"#""ตอนที่พี่เรียนอยู่"""
[Op_2D();],,[Op_2D();]
,,
[Phoenix Wright],,[Phoenix Wright]
[SetTextColor(Blue);],,[SetTextColor(Blue);]
"#""(So they went to the same""",,"#""(แปลว่าเรียน"""
[NewLine();],,[NewLine();]
"#""school, huh.)""",,"#""ที่เดียวกันงั้นสินะ)"""
[SetTextColor(White);],,[SetTextColor(White);]
[ReadKey();],,[ReadKey();]
,,
[Ema],,[Ema]
"#""She always told me to go""",,"#""เธอบอกตลอดว่าถ้าอยากได้"""
[NewLine();],,[NewLine();]
"#""to Mia if I ever needed""",,"#""ทนายความ ให้มาปรึกษา"""
[NewLine();],,[NewLine();]
"#""a defense attorney...""",,"#""คุณ<มีอา>"""
[ReadKey();],,[ReadKey();]
"#""And, well...""",,"#""แล้วตอนนี้..."""
[NewLine();],,[NewLine();]
"#""I need one.""",,"#""หนูก็ต้องการทนายความ"""
[Op_2D();],,[Op_2D();]
,,
[Phoenix Wright],,[Phoenix Wright]
"#""Um,""",,"#""เอิ่ม"""
[Wait(10);],,[Wait(10);]
"#"" incidentally,""",,"#"" จริงๆ แล้ว"""
[Wait(10);],,[Wait(10);]
"#"" Mia is""",,"#"" <มีอา>"""
[NewLine();],,[NewLine();]
"#""a woman.""",,"#""เป็นผู้หญิงนะ"""
[ReadKey();],,[ReadKey();]
,,
[Ema],,[Ema]
"#""Now that you mention it...""",,"#""พอคิดๆ ดูแล้ว..."""
[Wait(20);],,[Wait(20);]
"#"" """,,"#"" """
"#""I""",,"#"""""
[NewLine();],,[NewLine();]
"#""guess it IS more of a woman's""",,"#""มันก็เหมือนชื่อผู้หญิง"""
[NewLine();],,[NewLine();]
"#""name than a man's...""",,"#""มากกว่าชื่อผู้ชายแหละ..."""
[Op_2D();],,[Op_2D();]
,,
[Phoenix Wright],,[Phoenix Wright]
"#""Well, it's nice of you to """,,"#""แต่ก็ดีแล้วล่ะที่ตั้งใจช่วย"""
[NewLine();],,[NewLine();]
"#""help your sister out like""",,"#""พี่สาวแบบนี้น่ะ"""
[NewLine();],,[NewLine();]
"#""this.""",,"#"""""
[Wait(20);],,[Wait(20);]
"#"" You must be close.""",,"#""แสดงว่าสนิทกันสินะ"""
[Op_2D();],,[Op_2D();]
,,
[Ema],,[Ema]
"#""...""",,"#""..."""
[Op_2D();],,[Op_2D();]
,,
[Phoenix Wright],,[Phoenix Wright]
"#""?""",,"#""?"""
[ReadKey();],,[ReadKey();]
,,
[Ema],,[Ema]
"#""Well...""",,"#""มันก็..."""
[ReadKey();],,[ReadKey();]
"#""Actually, when she gets like""",,"#""เรื่องจริงแล้ว"""
[NewLine();],,[NewLine();]
"#""she is now,""",,"#""แบบที่เธอเป็นตอนนี้"""
[Wait(10);],,[Wait(10);]
"#"" I kind of hate""",,"#"" หนูเกลียดเลยล่ะ"""
[NewLine();],,[NewLine();]
"#""her.""",,"#"""""
[Op_2D();],,[Op_2D();]
,,
[Phoenix Wright],,[Phoenix Wright]
[SetTextColor(Blue);],,[SetTextColor(Blue);]
"#""(Huh?)""",,"#""(ห๊ะ?)"""
[SetTextColor(White);],,[SetTextColor(White);]
[ReadKey();],,[ReadKey();]
,,
[Ema],,[Ema]
"#""But...""",,"#""แต่..."""
[Wait(20);],,[Wait(20);]
[NewLine();],,[NewLine();]
"#""But she's my only family.""",,"#""แต่เธอคือครอบครัวคนเดียวที่หนูมี"""
[Op_2D();],,[Op_2D();]
,,
[Phoenix Wright],,[Phoenix Wright]
"#""Your only family?""",,"#""ครอบครัวคนเดียวที่เธอมี?"""
[Wait(20);],,[Wait(20);]
[NewLine();],,[NewLine();]
"#""What about your parents?""",,"#""แล้วพ่อแม่ของเธอล่ะ?"""
[ReadKey();],,[ReadKey();]
,,
[Ema],,[Ema]
"#""They died in a car accident""",,"#""เสียชีวิตจากอุบัติเหตุทางรถยนต์"""
[NewLine();],,[NewLine();]
"#""when I was little.""",,"#""ตอนหนูยังเล็กๆ น่ะ"""
[Op_2D();],,[Op_2D();]
,,
[Phoenix Wright],,[Phoenix Wright]
"#""Oh...""",,"#""โอ้..."""
[Wait(20);],,[Wait(20);]
"#"" I'm sorry.""",,"#""เสียใจด้วยนะ"""
[ReadKey();],,[ReadKey();]
[Op_15();],,[Op_15();]
,,
[Phoenix Wright],,[Phoenix Wright]
"#""See this?""",,"#""เห็นนี่ไหม?"""
[Wait(20);],,[Wait(20);]
"#"" It's my""",,"#"" นี่ตราทนายความ"""
[NewLine();],,[NewLine();]
"#""Attorney's Badge.""",,"#""ของฉัน"""
[ReadKey();],,[ReadKey();]
,,
[Ema],,[Ema]
"#""Ahh!""",,"#""อ๋าา!"""
[Wait(20);],,[Wait(20);]
"#"" Well!""",,"#"" ก็นะ!"""
[Wait(20);],,[Wait(20);]
"#"" I've never""",,"#"" หนูไม่เคย"""
[NewLine();],,[NewLine();]
"#""seen a real one before.""",,"#""เห็นของจริงมาก่อนเลย"""
[Op_2D();],,[Op_2D();]
,,
[Phoenix Wright],,[Phoenix Wright]
[SetTextColor(Blue);],,[SetTextColor(Blue);]
"#""(You're the first one who's""",,"#""(เธอเป็นคนแรกเลย"""
[NewLine();],,[NewLine();]
"#""actually been interested""",,"#""ที่สนใจตราทนายความของฉัน"""
[NewLine();],,[NewLine();]
"#""in mine, believe me.)""",,"#""เชื่อฉันสิ)"""
[SetTextColor(White);],,[SetTextColor(White);]
[ReadKey();],,[ReadKey();]
,,
[Ema],,[Ema]
"#""Its composition is mostly""",,"#""ส่วนใหญ่มันทำมาจากเงิน"""
[NewLine();],,[NewLine();]
"#""silver.""",,"#""ส่วน"""
[Wait(20);],,[Wait(20);]
"#"" The gold plating""",,"#""ทองที่เคลือบไว้"""
[NewLine();],,[NewLine();]
"#""is flaking a bit.""",,"#""ก็ลอกออกมาหน่อยๆ"""
[Op_2D();],,[Op_2D();]
,,
[Phoenix Wright],,[Phoenix Wright]
[SetTextColor(Blue);],,[SetTextColor(Blue);]
"#""(She analyzed it.""",,"#""(เธอวิเคราะห์มัน"""
[Wait(20);],,[Wait(20);]
[NewLine();],,[NewLine();]
"#""Scientifically...)""",,"#""ในเชิงวิทยาศาสตร์...)"""
[SetTextColor(White);],,[SetTextColor(White);]
[ReadKey();],,[ReadKey();]
,,
[Ema],,[Ema]
"#""There doesn't appear to be""",,"#""ดูๆ แล้วก็ไม่มี"""
[NewLine();],,[NewLine();]
"#""any corrosion due to sulfides.""",,"#""การสึกหรอจากซัลไฟด์"""
[NewLine();],,[NewLine();]
"#""I'd give you $50.00 for it.""",,"#""หนูตีราคาให้ 1,800"""
[Op_2D();],,[Op_2D();]
,,
[Phoenix Wright],,[Phoenix Wright]
"#""Sorry, but it's not for sale.""",,"#""โทษทีนะ อันนี้ไม่ได้มีไว้ขาย"""
[Wait(20);],,[Wait(20);]
[NewLine();],,[NewLine();]
"#""Yet...""",,"#""แต่ในอนาคตก็อีกเรื่องนึง..."""
[ReadKey();],,[ReadKey();]
[Op_15();],,[Op_15();]
,,
[Phoenix Wright],,[Phoenix Wright]
"#""Here, see this?""",,"#""นี่ เห็นนี่ไหม?"""
[ReadKey();],,[ReadKey();]
,,
[Ema],,[Ema]
"#""Ahh!""",,"#""อ้าา!"""
[Wait(20);],,[Wait(20);]
"#"" I've noticed that defense""",,"#"" หนูสังเกตได้ว่า"""
[NewLine();],,[NewLine();]
"#""attorneys have a tendency to""",,"#""ทนายจะมีแนวโน้มในการ"""
[NewLine();],,[NewLine();]
"#""want to show people things.""",,"#""แสดงสิ่งของให้คนอื่นดู"""
[Op_2D();],,[Op_2D();]
,,
[Phoenix Wright],,[Phoenix Wright]
[SetTextColor(Blue);],,[SetTextColor(Blue);]
"#""(What is this?""",,"#""(อะไรกัน?"""
[Wait(20);],,[Wait(20);]
"#"" A behavioral""",,"#"" การศึกษาพฤติกรรม"""
[NewLine();],,[NewLine();]
"#""study of lawyers?)""",,"#""ของทนายความเหรอ?)"""
[SetTextColor(White);],,[SetTextColor(White);]
[ReadKey();],,[ReadKey();]
[Op_15();],,[Op_15();]
,,
[Clear Speaker],,[Clear Speaker]
,,
[Ema],,[Ema]
"#""I'm sorry, Mr. Wright.""",,"#""หนูขอโทษนะคุณ<ไรท์>"""
[Op_2D();],,[Op_2D();]
,,
[Phoenix Wright],,[Phoenix Wright]
"#""Huh?""",,"#""หือ?"""
[Wait(20);],,[Wait(20);]
"#"" About what?""",,"#"" เรื่องอะไร?"""
[ReadKey();],,[ReadKey();]
,,
[Ema],,[Ema]
"#""My sister...""",,"#""พี่สาวหนู..."""
[Wait(20);],,[Wait(20);]
"#"" She's not""",,"#"" ปกติแล้ว"""
[NewLine();],,[NewLine();]
"#""always like that you know.""",,"#""เธอไม่ได้เป็นแบบนั้น"""
[Op_2D();],,[Op_2D();]
,,
[Phoenix Wright],,[Phoenix Wright]
"#""...""",,"#""..."""
[Op_2D();],,[Op_2D();]
"#""I just never expected to be""",,"#""ฉันแค่ไม่ได้คิดเลยว่า"""
[NewLine();],,[NewLine();]
"#""defending another prosecutor""",,"#""จะได้ว่าความให้อัยการ"""
[NewLine();],,[NewLine();]
"#""again.""",,"#""อีกแล้ว"""
[ReadKey();],,[ReadKey();]
,,
[Ema],,[Ema]
"#""She's changed a lot.""",,"#""เธอเปลี่ยนไปมาก"""
[ReadKey();],,[ReadKey();]
"#""She used to be so gentle,""",,"#""เธอเคยเป็นคนอ่อนโยน"""
[NewLine();],,[NewLine();]
"#""always smiling.""",,"#""ยิ้มตลอดเลย"""
[Wait(20);],,[Wait(20);]
"#"" Everybody""",,"#"" ทุกคน"""
[NewLine();],,[NewLine();]
"#""liked her.""",,"#""ต่างก็ชอบเธอ"""
[Op_2D();],,[Op_2D();]
,,
[Phoenix Wright],,[Phoenix Wright]
"#""I see...""",,"#""เข้าใจๆ..."""
[Wait(20);],,[Wait(20);]
[NewLine();],,[NewLine();]
[SetTextColor(Blue);],,[SetTextColor(Blue);]
"#""(Sorry, but I'm having""",,"#""(โทษนะ"""
[NewLine();],,[NewLine();]
"#""trouble imagining that.)""",,"#""แต่ฉันนึกภาพไม่ออกเลย)"""
[SetTextColor(White);],,[SetTextColor(White);]
[Op_2D();],,[Op_2D();]
"#""What happened to her?""",,"#""เกิดอะไรขึ้นกับเธอล่ะ?"""
[ReadKey();],,[ReadKey();]
,,
[Ema],,[Ema]
"#""I don't know for certain""",,"#""หนูก็ไม่รู้แน่ชัดเท่าไหร่..."""
[NewLine();],,[NewLine();]
"#""myself...""",,"#"""""
[ReadKey();],,[ReadKey();]
"#""I think maybe she...""",,"#""บางทีเธออาจจะ..."""
[Wait(20);],,[Wait(20);]
[NewLine();],,[NewLine();]
"#""Well, maybe not.""",,"#""เอ หรืออาจจะไม่นะ"""
[Op_2D();],,[Op_2D();]
,,
[Phoenix Wright],,[Phoenix Wright]
[SetTextColor(Blue);],,[SetTextColor(Blue);]
"#""(Sounds like there's something""",,"#""(ดูเหมือนว่ามีบางอย่าง"""
[NewLine();],,[NewLine();]
"#""there that defies a simple""",,"#""ที่อธิบายด้วยวิทยาศาสตร์"""
[NewLine();],,[NewLine();]
"#""scientific explanation.)""",,"#""ไม่ได้)"""
[SetTextColor(White);],,[SetTextColor(White);]
[Op_2D();],,[Op_2D();]
"#""Let's go check out this""",,"#""งั้นเราไปตรวจสอบ"""
[NewLine();],,[NewLine();]
"#""underground parking at the""",,"#""ลานจอดรถใต้ดินที่"""
[NewLine();],,[NewLine();]
"#""Prosecutor's Office, shall we?""",,"#""สำนักงานอัยการกันไหม?"""
[ReadKey();],,[ReadKey();]
,,
[Ema],,[Ema]
"#""O-""",,"#""อ-"""
[Wait(8);],,[Wait(8);]
"#""Okay!""",,"#""โอเค!"""
[Wait(20);],,[Wait(20);]
[ReadKey();],,[ReadKey();]
[Op_15();],,[Op_15();]
,,
[Clear Speaker],,[Clear Speaker]
[SetTextColor(Green);],,[SetTextColor(Green);]
"#""February 22""",,"#""22 กุมภาพันธ์"""
[NewLine();],,[NewLine();]
"#""Detention Center""",,"#""สถานกักกัน"""
[NewLine();],,[NewLine();]
"#""Visitor's Room""",,"#""ห้องเยี่ยม"""
[SetTextColor(White);],,[SetTextColor(White);]
[ReadKey();],,[ReadKey();]
,,
[Ema],,[Ema]
"#""...""",,"#""..."""
[Op_2D();],,[Op_2D();]
,,
[Phoenix Wright],,[Phoenix Wright]
[SetTextColor(Blue);],,[SetTextColor(Blue);]
"#""(Hmm, I wonder what's""",,"#""(ฮืมม สงสัยจังว่า"""
[NewLine();],,[NewLine();]
"#""wrong with Ema?)""",,"#""<เอม่า>เป็นอะไรไป?)"""
[Op_2D();],,[Op_2D();]
"#""(She got quiet all of a sudden""",,"#""(อยู่ดีๆ ก็เงียบขึ้นมา"""
[NewLine();],,[NewLine();]
"#""as soon as we arrived.)""",,"#""ตอนเรามาถึงที่นี่)"""
[SetTextColor(White);],,[SetTextColor(White);]
[Op_2D();],,[Op_2D();]
,,
[Unknown Speaker],,[Unknown Speaker]
"#""Guard...""",,"#""ผู้คุม..."""
[Wait(20);],,[Wait(20);]
[NewLine();],,[NewLine();]
"#""I thought I told you I""",,"#""ฉันบอกแล้วใช่ไหมว่า"""
[NewLine();],,[NewLine();]
"#""didn't want visitors.""",,"#""ไม่ต้องการให้ใครมาเยี่ยม"""
[Op_2D();],,[Op_2D();]
,,
[Error: Missing Speaker Definition],,[Error: Missing Speaker Definition]
"#""S-""",,"#""ข-"""
[Wait(5);],,[Wait(5);]
"#""s-""",,"#""ข-"""
[Wait(5);],,[Wait(5);]
"#""s-""",,"#""ข-"""
[Wait(5);],,[Wait(5);]
"#""sorry, ma'am!""",,"#""ขอโทษครับท่าน!"""
[Wait(20);],,[Wait(20);]
[NewLine();],,[NewLine();]
"#""It's j-""",,"#""ก-"""
[Wait(5);],,[Wait(5);]
"#""j-""",,"#""ก-"""
[Wait(5);],,[Wait(5);]
"#""just, your sister...""",,"#""ก็น้องสาว..."""
[Op_2D();],,[Op_2D();]
,,
[Unknown Speaker],,[Unknown Speaker]
"#""No excuses!""",,"#""อย่ามาแก้ตัว!"""
[Op_2D();],,[Op_2D();]
"#""Or did you not want a""",,"#""จะให้หักเงินเดือน"""
[NewLine();],,[NewLine();]
"#""raise this year, hmm?""",,"#""ปีนี้ดีไหม หึ๊?"""
[Op_2D();],,[Op_2D();]
,,
[Error: Missing Speaker Definition],,[Error: Missing Speaker Definition]
"#""U-""",,"#""ข-"""
[Wait(5);],,[Wait(5);]
"#""u-""",,"#""ข-"""
[Wait(5);],,[Wait(5);]
"#""u-""",,"#""ข-"""
[Wait(5);],,[Wait(5);]
"#""understood, ma'am!""",,"#""เข้าใจแล้วครับท่าน!"""
[ReadKey();],,[ReadKey();]
,,
[Phoenix Wright],,[Phoenix Wright]
[SetTextColor(Blue);],,[SetTextColor(Blue);]
"#""(Wh-""",,"#""(ก-"""
[Wait(5);],,[Wait(5);]
"#""wh-""",,"#""ก-"""
[Wait(5);],,[Wait(5);]
"#""wh-""",,"#""ก-"""
[Wait(5);],,[Wait(5);]
"#""what was that""",,"#""เกิดอะไรขึ้น"""
[NewLine();],,[NewLine();]
"#""all about?)""",,"#""วะนั่น?)"""
[SetTextColor(White);],,[SetTextColor(White);]
[Op_2D();],,[Op_2D();]
,,
[Ema],,[Ema]
"#""H-""",,"#""ว-"""
[Wait(8);],,[Wait(8);]
"#""hi, Lana.""",,"#""หวัดดีพี่<ลาน่า>"""
[ReadKey();],,[ReadKey();]
,,
[Unknown Speaker],,[Unknown Speaker]
"#""Funny.""",,"#""น่าขำสิ้นดี"""
[ReadKey();],,[ReadKey();]
"#""I seem to remember""",,"#""พี่กำชับแล้ว"""
[NewLine();],,[NewLine();]
"#""specifically telling""",,"#""ไม่ใช่เหรอ"""
[NewLine();],,[NewLine();]
"#""you NOT to come here.""",,"#""ว่า ""อย่า"" มาที่นี่"""
[ReadKey();],,[ReadKey();]
"#""Perhaps my memory is failing?""",,"#""หรือพี่จำอะไรผิด?"""
[Op_2D();],,[Op_2D();]
,,
[Ema],,[Ema]
"#""L-""",,"#""น-"""
[Wait(8);],,[Wait(8);]
"#""look...""",,"#""นี่..."""
[ReadKey();],,[ReadKey();]
"#""I didn't want to come""",,"#""หนูก็ไม่ได้อยากมา"""
[NewLine();],,[NewLine();]
"#""here either, okay?""",,"#""หรอกนะ"""
[ReadKey();],,[ReadKey();]
"#""But your trial's tomorrow""",,"#""แต่ศาลของพี่เริ่มพรุ่งนี้"""
[NewLine();],,[NewLine();]
"#""and you still don't have""",,"#""แล้วพี่ก็ยังไม่มี"""
[NewLine();],,[NewLine();]
"#""a defense attorney!""",,"#""ทนายความเลย!"""
[Op_2D();],,[Op_2D();]
,,
[Unknown Speaker],,[Unknown Speaker]
"#""I'll be the one in court""",,"#""พี่เป็นคนที่ไปขึ้นศาล"""
[NewLine();],,[NewLine();]
"#""tomorrow.""",,"#""พรุ่งนี้ ไม่ใช่เธอ"""
[Wait(20);],,[Wait(20);]
"#"" This has nothing""",,"#"" นี่ไม่ใช่เรื่อง"""
[NewLine();],,[NewLine();]
"#""to do with you, Ema.""",,"#""ที่เธอจะมายุ่ง <เอม่า>"""
[ReadKey();],,[ReadKey();]
"#""Isn't that right, """,,"#""ใช่ไหม"""
[NewLine();],,[NewLine();]
"#""Mr. Wright?""",,"#""คุณ<ไรท์>?"""
[Op_2D();],,[Op_2D();]
,,
[Phoenix Wright],,[Phoenix Wright]
"#""Hey!""",,"#""เฮ้!"""
[Wait(20);],,[Wait(20);]
[NewLine();],,[NewLine();]
"#""How do you know me?""",,"#""คุณรู้จักผมได้ยังไง?"""
[ReadKey();],,[ReadKey();]
,,
[Unknown Speaker],,[Unknown Speaker]
"#""Mia mentioned you.""",,"#""<มีอา>เล่าให้ฉันฟัง"""
[NewLine();],,[NewLine();]
"#""I've heard...""",,"#""ก็เลย..."""
[Wait(20);],,[Wait(20);]
"#"" quite a bit.""",,"#"" พอรู้บ้าง"""
[Op_2D();],,[Op_2D();]
,,
[Phoenix Wright],,[Phoenix Wright]
"#""Er,""",,"#""เอ่อ"""
[Wait(10);],,[Wait(10);]
"#"" I'm sorry.""",,"#"" ขอถามนะครับ"""
[Wait(20);],,[Wait(20);]
"#"" What exactly""",,"#"" คุณทำงาน"""
[NewLine();],,[NewLine();]
"#""is it that you do...?""",,"#""อะไรเหรอครับ...?"""
[ReadKey();],,[ReadKey();]
,,
[Unknown Speaker],,[Unknown Speaker]
"#""My name is Lana,""",,"#""ฉันชื่อ<ลาน่า>"""
[Wait(15);],,[Wait(15);]
"#"" Lana Skye.""",,"#"" <ลาน่า สกาย>"""
[ReadKey();],,[ReadKey();]
,,
[Lana],,[Lana]
"#""I'm Chief Prosecutor for""",,"#""ฉันเป็นอัยการสูงสุด"""
[NewLine();],,[NewLine();]
"#""this district.""",,"#""ของเขตนี้"""
[Op_2D();],,[Op_2D();]
,,
[Phoenix Wright],,[Phoenix Wright]
"#""Y-""",,"#""ค-"""
[Wait(8);],,[Wait(8);]
"#""you're a prosecutor!?""",,"#""คุณเป็นอัยการเหรอ!?"""
[Op_2D();],,[Op_2D();]
[SetTextColor(Blue);],,[SetTextColor(Blue);]
"#""(Two sisters...""",,"#""(พี่น้องสองสาว..."""
[Wait(20);],,[Wait(20);]
"#"" one a lawyer.""",,"#"" คนนึงเป็นนักกฎหมาย"""
[Wait(20);],,[Wait(20);]
[NewLine();],,[NewLine();]
"#""Could this be a coincidence?)""",,"#""บังเอิญหรือเปล่าเนี่ย?)"""
[Op_2D();],,[Op_2D();]
"#""(Ema...""",,"#""(<เอม่า>..."""
[Wait(20);],,[Wait(20);]
"#"" """,,"#"" """
[Wait(16);],,[Wait(16);]
"#""Lana...""",,"#""<ลาน่า>..."""
[Wait(20);],,[Wait(20);]
[NewLine();],,[NewLine();]
"#""I mean, they're just like...)""",,"#""พวกเธอเหมือน...)"""
[SetTextColor(White);],,[SetTextColor(White);]
[Op_2D();],,[Op_2D();]
,,
[Ema],,[Ema]
"#""Is something wrong,""",,"#""มีอะไรหรือเปล่า"""
[NewLine();],,[NewLine();]
"#""Mr. Wright?""",,"#""คุณ<ไรท์>?"""
[Op_2D();],,[Op_2D();]
[Op_15();],,[Op_15();]
,,
[Phoenix Wright],,[Phoenix Wright]
"#""This guard monitors""",,"#""ผู้คุมคนนี้กำลัง"""
[NewLine();],,[NewLine();]
"#""the visitor's room.""",,"#""คุมห้องเยี่ยม"""
[ReadKey();],,[ReadKey();]
"#""He's frozen in fear of""",,"#""เขาแข็งเป็นหิน"""
[NewLine();],,[NewLine();]
"#""the frigid Ms. Lana.""",,"#""เพราะโดนคุณ<ลาน่า>ตำหนิ"""
[ReadKey();],,[ReadKey();]
"#""I'm feeling a bit chilly""",,"#""ฉันเองก็แอบหนาว"""
[NewLine();],,[NewLine();]
"#""myself.""",,"#""อยู่เหมือนกัน"""
[ReadKey();],,[ReadKey();]
[Op_15();],,[Op_15();]
,,
[Phoenix Wright],,[Phoenix Wright]
"#""Smile for the camera...""",,"#""ยิ้มให้กล้องหน่อย..."""
[ReadKey();],,[ReadKey();]
[Op_15();],,[Op_15();]
,,
[Lana],,[Lana]
"#""There's something you should""",,"#""มีอย่างนึงที่"""
[Wait(20);],,[Wait(20);]
[NewLine();],,[NewLine();]
"#""know from the start.""",,"#""คุณต้องรู้เอาไว้"""
[Op_2D();],,[Op_2D();]
,,
[Phoenix Wright],,[Phoenix Wright]
"#""W-""",,"#""ค-"""
[Wait(8);],,[Wait(8);]
"#""which is?""",,"#""คืออะไรครับ?"""
[ReadKey();],,[ReadKey();]
,,
[Lana],,[Lana]
"#""The suspect in this case""",,"#""ผู้ต้องสงสัยในคดีนี้"""
[NewLine();],,[NewLine();]
"#""has confessed to the crime.""",,"#""ได้ยอมรับสารภาพแล้ว"""
[Op_2D();],,[Op_2D();]
,,
[Phoenix Wright],,[Phoenix Wright]
"#""Huh?""",,"#""หือ?"""
[ReadKey();],,[ReadKey();]
,,
[Ema],,[Ema]
"#""W-""",,"#""ต-"""
[Wait(8);],,[Wait(8);]
"#""wait! But the suspect...""",,"#""แต่เดี๋ยวก่อน! ผู้ต้องสงสัย..."""
[NewLine();],,[NewLine();]
"#""The suspect is...!""",,"#""ผู้ต้องสงสัยคือ...!"""
[Op_2D();],,[Op_2D();]
,,
[Lana],,[Lana]
"#""Me.""",,"#""ฉัน"""
[NewLine();],,[NewLine();]
[Wait(20);],,[Wait(20);]
"#""I did it.""",,"#""ฉันเป็นคนทำ"""
[NewLine();],,[NewLine();]
"#""Well, Mr. Wright?""",,"#""ไงล่ะ คุณ<ไรท์>?"""
[Op_2D();],,[Op_2D();]
,,
[Phoenix Wright],,[Phoenix Wright]
"#""Well...""",,"#""ก็..."""
[Wait(20);],,[Wait(20);]
"#"" why don't you begin""",,"#"" ช่วยเริ่มโดยการ"""
[NewLine();],,[NewLine();]
"#""by telling me exactly what""",,"#""บอกผมว่า"""
[NewLine();],,[NewLine();]
"#""happened.""",,"#""เกิดอะไรขึ้น"""
[ReadKey();],,[ReadKey();]
,,
[Lana],,[Lana]
"#""The crime took place""",,"#""อาชญากรรมเกิดขึ้น"""
[NewLine();],,[NewLine();]
"#""yesterday, February 21,""",,"#""เมื่อวาน วันที่ 21 กุมภาพันธ์"""
[NewLine();],,[NewLine();]
"#""at """,,"#""ณ เวลา """
[SetTextColor(Red);],,[SetTextColor(Red);]
"#""5:15 PM""",,"#""17:15 น."""
[SetTextColor(White);],,[SetTextColor(White);]
"#"".""",,"#"""""
[Op_2D();],,[Op_2D();]
,,
[Phoenix Wright],,[Phoenix Wright]
"#""That's quite specific.""",,"#""ละเอียดดีนะครับ"""
[ReadKey();],,[ReadKey();]
,,
[Lana],,[Lana]
"#""It was in the witness's""",,"#""พยานให้การไว้แบบนี้"""
[NewLine();],,[NewLine();]
"#""deposition.""",,"#"""""
[ReadKey();],,[ReadKey();]
"#""A witness clearly saw me""",,"#""พยานเห็นฉันก่อ"""
[NewLine();],,[NewLine();]
"#""committing the crime.""",,"#""อาชญากรรมอย่างชัดเจน"""
[Op_2D();],,[Op_2D();]
,,
[Phoenix Wright],,[Phoenix Wright]
"#""Uh...""",,"#""เอ่อ..."""
[Wait(20);],,[Wait(20);]
"#"" My, that was a bit""",,"#"" ก็ถือว่าโชคร้าย"""
[NewLine();],,[NewLine();]
"#""of bad luck, wasn't it?""",,"#""อยู่พอตัวเลยนะครับ"""
[ReadKey();],,[ReadKey();]
,,
[Lana],,[Lana]
"#""The crime took place in the""",,"#""สถานที่เกิดเหตุเป็น"""
[NewLine();],,[NewLine();]
"#""underground parking lot at""",,"#""ลานจอดรถใต้ดินของ"""
[NewLine();],,[NewLine();]
"#""the Prosecutor's Office.""",,"#""สำนักงานอัยการ"""
[ReadKey();],,[ReadKey();]
"#""The body was found in the""",,"#""ร่างถูกพบในท้ายรถ"""
[NewLine();],,[NewLine();]
"#""trunk of my subordinate's""",,"#""ของลูกน้องฉัน"""
[NewLine();],,[NewLine();]
"#""car.""",,"#"""""
[Op_2D();],,[Op_2D();]
,,
[Phoenix Wright],,[Phoenix Wright]
"#""The Prosecutor's Office, huh?""",,"#""สำนักงานอัยการเหรอครับ?"""
[Wait(20);],,[Wait(20);]
[NewLine();],,[NewLine();]
[SetTextColor(Blue);],,[SetTextColor(Blue);]
"#""(In your subordinate's car""",,"#""(ในท้ายรถของ"""
[NewLine();],,[NewLine();]
"#""trunk?""",,"#""ลูกน้อง?"""
[Wait(20);],,[Wait(20);]
"#"" Classy...)""",,"#"" คลาสสิกดีนี่...)"""
[SetTextColor(White);],,[SetTextColor(White);]
[ReadKey();],,[ReadKey();]
,,
[Lana],,[Lana]
"#""I was arrested on the spot.""",,"#""ฉันถูกควบคุมตัวในสถานที่เกิดเหตุ"""
[Wait(20);],,[Wait(20);]
[NewLine();],,[NewLine();]
"#""Caught red-handed, as it were.""",,"#""คาหนังคาเขานั่นแหละนะ"""
[Op_2D();],,[Op_2D();]
,,
[Phoenix Wright],,[Phoenix Wright]
[SetTextColor(Blue);],,[SetTextColor(Blue);]
"#""(Well, that's just great...)""",,"#""(เยี่ยมไปเลย...)"""
[SetTextColor(White);],,[SetTextColor(White);]
[ReadKey();],,[ReadKey();]
[Op_15();],,[Op_15();]
,,
[Phoenix Wright],,[Phoenix Wright]
"#""So, who was the victim?""",,"#""แล้วใครเป็นผู้ตายครับ?"""
[ReadKey();],,[ReadKey();]
,,
[Lana],,[Lana]
"#""An investigator with the""",,"#""นักสืบจาก"""
[NewLine();],,[NewLine();]
"#""Police Department.""",,"#""กรมตำรวจ"""
[ReadKey();],,[ReadKey();]
"#""I suppose the correct""",,"#""ถ้าจะเรียกให้ถูก"""
[NewLine();],,[NewLine();]
"#""term is ""Detective.""""",,"#""ก็ต้องเรียกว่า ""ตำรวจสืบสวน"""""
[Op_2D();],,[Op_2D();]
,,
[Ema],,[Ema]
"#""A detective...?""",,"#""ตำรวจสืบสวน...?"""
[Op_2D();],,[Op_2D();]
,,
[Lana],,[Lana]
"#""Death was due to a loss of""",,"#""สาเหตุการตายมาจาก"""
[NewLine();],,[NewLine();]
"#""blood.""",,"#""การสูญเสียเลือด"""
[Wait(20);],,[Wait(20);]
"#"" He was stabbed once in""",,"#"" เขาถูกแทงหนึ่งครั้ง"""
[NewLine();],,[NewLine();]
"#""the stomach.""",,"#""ที่หน้าท้อง"""
[Op_2D();],,[Op_2D();]
,,
[Phoenix Wright],,[Phoenix Wright]
"#""By...""",,"#""โดย..."""
[Wait(20);],,[Wait(20);]
"#"" you?""",,"#"" คุณเหรอ?"""
[ReadKey();],,[ReadKey();]
,,
[Lana],,[Lana]
"#""Death wasn't immediate, but""",,"#""ไม่ได้ตายทันที"""
[NewLine();],,[NewLine();]
"#""the wound was fatal.""",,"#""แต่บาดแผลทำให้เสียชีวิต"""
[Op_2D();],,[Op_2D();]
,,
[Phoenix Wright],,[Phoenix Wright]
"#""I see...""",,"#""เข้าใจแล้ว..."""
[ReadKey();],,[ReadKey();]
,,
[Lana],,[Lana]
"#""Allow me to repeat myself,""",,"#""ให้ฉันพูดอีกรอบนะ"""
[NewLine();],,[NewLine();]
"#""Mr. Wright.""",,"#""คุณ<ไรท์>"""
[NewLine();],,[NewLine();]
"#""The victim was a detective.""",,"#""ผู้ตายเป็นสายสืบ"""
[ReadKey();],,[ReadKey();]
"#""You know what that means,""",,"#""คุณรู้ใช่ไหมว่านี่"""
[NewLine();],,[NewLine();]
"#""don't you?""",,"#""หมายความว่ายังไง?"""
[Op_2D();],,[Op_2D();]
,,
[Phoenix Wright],,[Phoenix Wright]
"#""Uh oh!""",,"#""อ๊ะโอ่!"""
[Op_2D();],,[Op_2D();]
,,
[Ema],,[Ema]
"#""What?""",,"#""อะไรอะ?"""
[Wait(20);],,[Wait(20);]
"#"" Mr. Wright?""",,"#"" คุณ<ไรท์>?"""
[Wait(20);],,[Wait(20);]
[NewLine();],,[NewLine();]
"#""What does it mean?""",,"#""หมายความว่ายังไง?"""
[Op_2D();],,[Op_2D();]
,,
[Phoenix Wright],,[Phoenix Wright]
"#""Well, it means...""",,"#""ก็หมายความว่า..."""
[Op_2D();],,[Op_2D();]
,,
[Lana],,[Lana]
"#""The police department will""",,"#""การทำให้ฉันมีความผิด"""
[NewLine();],,[NewLine();]
"#""consider it a matter of pride""",,"#""ถือว่าเป็นเกียรติของ"""
[NewLine();],,[NewLine();]
"#""to have me found guilty.""",,"#""กรมตำรวจ"""
[ReadKey();],,[ReadKey();]
"#""They will use any means at""",,"#""พวกเขาจะใช้ทุก"""
[NewLine();],,[NewLine();]
"#""their disposal to do so.""",,"#""วิถีทางในการทำอย่างงั้น"""
[Op_2D();],,[Op_2D();]
,,
[Phoenix Wright],,[Phoenix Wright]
[SetTextColor(Blue);],,[SetTextColor(Blue);]
"#""(This case gets worse and""",,"#""(ยิ่งรู้มาก คดีนี้ก็ยิ่ง"""
[NewLine();],,[NewLine();]
"#""worse with everything""",,"#""ดิ่งลงเหวไป"""
[NewLine();],,[NewLine();]
"#""I learn.)""",,"#""เรื่อยๆ)"""
[SetTextColor(White);],,[SetTextColor(White);]
[ReadKey();],,[ReadKey();]
[Op_15();],,[Op_15();]
,,
[Phoenix Wright],,[Phoenix Wright]
"#""So, you're the Chief""",,"#""งั้นคุณก็เป็น"""
[NewLine();],,[NewLine();]
"#""Prosecutor?""",,"#""อัยการสูงสุด?"""
[ReadKey();],,[ReadKey();]
,,
[Lana],,[Lana]
"#""That is correct.""",,"#""ถูกต้อง"""
[ReadKey();],,[ReadKey();]
"#""I'm responsible for overseeing""",,"#""ฉันทำหน้าที่ดูแลความเรียบร้อย"""
[NewLine();],,[NewLine();]
"#""every trial handled by """,,"#""ของทุกคดีที่อัยการ"""
[NewLine();],,[NewLine();]
"#""prosecutors in this district.""",,"#""ในเขตนี้รับทำ"""
[ReadKey();],,[ReadKey();]
"#""I make sure the prosecutors""",,"#""ฉันตรวจสอบว่าอัยการ"""
[NewLine();],,[NewLine();]
"#""have what they need to do the""",,"#""มีคุณสมบัติพอในการทำคดีหรือไม่"""
[NewLine();],,[NewLine();]
"#""job, and manage every aspect.""",,"#""แล้วก็บริหารงานในทุกๆ ด้าน"""
[ReadKey();],,[ReadKey();]
"#""Those are my responsibilities,""",,"#""นั่นคือความรับผิดชอบของฉัน"""
[NewLine();],,[NewLine();]
"#""in a nutshell.""",,"#""แบบย่อๆ"""
[Op_2D();],,[Op_2D();]
,,
[Phoenix Wright],,[Phoenix Wright]
[SetTextColor(Blue);],,[SetTextColor(Blue);]
"#""(That's an awfully large""",,"#""(นี่ขนาดย่อ"""
[NewLine();],,[NewLine();]
"#""nutshell.)""",,"#""แล้วนะเนี่ย)"""
[SetTextColor(White);],,[SetTextColor(White);]
[ReadKey();],,[ReadKey();]
,,
[Lana],,[Lana]
"#""Still, I'm a little surprised.""",,"#""แต่ก็แปลกใจดีเหมือนกัน"""
[ReadKey();],,[ReadKey();]
"#""I would think you'd recognize""",,"#""ฉันก็นึกว่าคุณจะจำ"""
[NewLine();],,[NewLine();]
"#""the district's Chief""",,"#""อัยการสูงสุดเขตนี้"""
[NewLine();],,[NewLine();]
"#""Prosecutor, Mr. Wright.""",,"#""ได้ซะอีกนะ คุณ<ไรท์>"""
[Op_2D();],,[Op_2D();]
,,
[Phoenix Wright],,[Phoenix Wright]
"#""Huh?""",,"#""อ๊ะ?"""
[ReadKey();],,[ReadKey();]
,,
[Lana],,[Lana]
"#""In fact, it seems impossible""",,"#""มันไม่น่าจะเป็นไปได้"""
[NewLine();],,[NewLine();]
"#""you wouldn't...""",,"#""คุณคงจะไม่ได้..."""
[Op_2D();],,[Op_2D();]
,,
[Ema],,[Ema]
"#""Um...""",,"#""เอิ่ม..."""
[Wait(20);],,[Wait(20);]
"#"" Lana?""",,"#"" <ลาน่า>?"""
[NewLine();],,[NewLine();]
"#""What happened to your hand?""",,"#""มือพี่เป็นอะไรอะ?"""
[ReadKey();],,[ReadKey();]
,,
[Lana],,[Lana]
"#""Oh, this?""",,"#""อ๋อ นี่เหรอ?"""
[ReadKey();],,[ReadKey();]
"#""I cut myself by accident.""",,"#""มีดบาดตอนที่ฉัน"""
[Wait(20);],,[Wait(20);]
[NewLine();],,[NewLine();]
"#""When I stabbed him, that is.""",,"#""ไปแทงเขาน่ะ"""
[Op_2D();],,[Op_2D();]
,,
[Ema],,[Ema]
"#""Huh?""",,"#""หาา?"""
[Op_2D();],,[Op_2D();]
,,
[Lana],,[Lana]
"#""I'm not very good at being""",,"#""ฉันเป็นอาชญากรที่"""
[NewLine();],,[NewLine();]
"#""a criminal, I suppose.""",,"#""ไม่ได้เรื่องเอาซะเลย"""
[Op_2D();],,[Op_2D();]
,,
[Phoenix Wright],,[Phoenix Wright]
[SetTextColor(Blue);],,[SetTextColor(Blue);]
"#""(How am I supposed to""",,"#""(ฉันจะไปว่าความ"""
[NewLine();],,[NewLine();]
"#""defend this!?)""",,"#""ให้ได้ยังไงล่ะเนี่ย!?)"""
[ReadKey();],,[ReadKey();]
"#""(Time to change the""",,"#""(ถึงเวลาเปลี่ยนเรื่อง...)"""
[NewLine();],,[NewLine();]
"#""subject...)""",,"#"""""
[ReadKey();],,[ReadKey();]
"#""(Wait, she was in the class""",,"#""(เดี๋ยวนะ เธอเป็นรุ่นพี่"""
[NewLine();],,[NewLine();]
"#""ahead of Mia, wasn't she...?)""",,"#""ของ<มีอา> ไม่ใช่เหรอ...?)"""
[SetTextColor(White);],,[SetTextColor(White);]
[ReadKey();],,[ReadKey();]
[Op_15();],,[Op_15();]
,,
[Phoenix Wright],,[Phoenix Wright]
"#""Um, you were in school""",,"#""เอิ่ม คุณเคยเรียนที่เดียวกัน"""
[NewLine();],,[NewLine();]
"#""with Mia, correct?""",,"#""กับ<มีอา> ถูกต้องไหมครับ?"""
[ReadKey();],,[ReadKey();]
"#""A few years above her?""",,"#""เป็นรุ่นพี่ด้วยใช่ไหม?"""
[ReadKey();],,[ReadKey();]
,,
[Lana],,[Lana]
"#""...""",,"#""..."""
[Wait(20);],,[Wait(20);]
"#"" """,,"#"" """
"#""Ema told you that, too, """,,"#""<เอม่า>บอกคุณ"""
[NewLine();],,[NewLine();]
"#""did she?""",,"#""เรื่องนั้นด้วยสินะ?"""
[Op_2D();],,[Op_2D();]
,,
[Ema],,[Ema]
"#""W-""",,"#""ก-"""
[Wait(8);],,[Wait(8);]
"#""well, why not?""",,"#""ก็ ทำไมจะไม่ได้ล่ะ?"""
[NewLine();],,[NewLine();]
"#""I did drag him all the way""",,"#""หนูลากเขามาจากที่"""
[NewLine();],,[NewLine();]
"#""here from his office!""",,"#""ออฟฟิศเชียวนะ!"""
[Op_2D();],,[Op_2D();]
,,
[Lana],,[Lana]
"#""Although it seems he has very""",,"#""ถึงแม้ว่าเขาจะไม่มีอะไรเหมือน"""
[NewLine();],,[NewLine();]
"#""little in common with Mia...""",,"#""<มีอา>ซักเท่าไหร่ก็เถอะ..."""
[Op_2D();],,[Op_2D();]
,,
[Phoenix Wright],,[Phoenix Wright]
[SetTextColor(Blue);],,[SetTextColor(Blue);]
"#""(Hey!)""",,"#""(เฮ้!)"""
[SetTextColor(White);],,[SetTextColor(White);]
[ReadKey();],,[ReadKey();]
,,
[Lana],,[Lana]
"#""It was in law school.""",,"#""ตอนที่ฉันเรียนกฎหมาย"""
[Wait(20);],,[Wait(20);]
"#"" I was""",,"#"" ตอนนั้น"""
[NewLine();],,[NewLine();]
"#""in my third year, and she was""",,"#""ฉันอยู่ปีสาม ส่วนเธอก็"""
[NewLine();],,[NewLine();]
"#""auditing the class.""",,"#""กำลังเรียนพรีดีกรี"""
[ReadKey();],,[ReadKey();]
"#""She was different than""",,"#""เธอแตกต่างจากนักศึกษา"""
[NewLine();],,[NewLine();]
"#""the other students.""",,"#""คนอื่นๆ"""
[Op_2D();],,[Op_2D();]
,,
[Phoenix Wright],,[Phoenix Wright]
"#""Different?""",,"#""แตกต่างเหรอ?"""
[Op_2D();],,[Op_2D();]
,,
[Lana],,[Lana]
"#""She was strong...""",,"#""เธอแน่วแน่..."""
[Wait(20);],,[Wait(20);]
"#"" She'd do""",,"#"" เธอจะทำ"""
[NewLine();],,[NewLine();]
"#""anything to become a defense""",,"#""ทุกวิธีทางเพื่อจะได้เป็น"""
[NewLine();],,[NewLine();]
"#""attorney. Anything.""",,"#""ทนายความ ทุกอย่างเลย"""
[ReadKey();],,[ReadKey();]
"#""That...""",,"#""นั่นแหละว่า..."""
[Wait(20);],,[Wait(20);]
"#"" was probably why she""",,"#"" ทำไมฉันถึงน่าดึงดูด"""
[NewLine();],,[NewLine();]
"#""was attracted to me.""",,"#""ในสายตาเธอ"""
[Op_2D();],,[Op_2D();]
,,
[Phoenix Wright],,[Phoenix Wright]
"#""E-""",,"#""อ-"""
[Wait(8);],,[Wait(8);]
"#""excuse me!?""",,"#""อะไรนะครับ!?"""
[Op_2D();],,[Op_2D();]
,,
[Ema],,[Ema]
"#""Intellectually attracted!""",,"#""น่าดึงดูดในความฉลาดไง!"""
[Wait(20);],,[Wait(20);]
[NewLine();],,[NewLine();]
"#""Lana was top of her class""",,"#""พี่<ลาน่า>เป็น"""
[NewLine();],,[NewLine();]
"#""in school.""",,"#""ตัวท็อปห้องตลอด"""
[Op_2D();],,[Op_2D();]
,,
[Lana],,[Lana]
"#""I was the best there was.""",,"#""เก่งที่สุดเท่าที่จะเก่งได้"""
[Op_2D();],,[Op_2D();]
,,
[Phoenix Wright],,[Phoenix Wright]
"#""Oh...""",,"#""โอ้..."""
[Op_2D();],,[Op_2D();]
,,
[Ema],,[Ema]
"#""I'm doing pretty good in""",,"#""เอาจริงๆ แล้ว"""
[NewLine();],,[NewLine();]
"#""school too, by the way!""",,"#""หนูก็เรียนเก่งเหมือนกันนะ!"""
[ReadKey();],,[ReadKey();]
,,
[Phoenix Wright],,[Phoenix Wright]
[SetTextColor(Blue);],,[SetTextColor(Blue);]
"#""(It sounds a bit different""",,"#""(มันให้คนละฟีลกัน"""
[NewLine();],,[NewLine();]
"#""when Ema says it...)""",,"#""ตอน<เอม่า>พูดแฮะ...)"""
[SetTextColor(White);],,[SetTextColor(White);]
[Op_2D();],,[Op_2D();]
[Op_15();],,[Op_15();]
,,
[Lana],,[Lana]
"#""Your badge looks new.""",,"#""ตราทนายของคุณดูใหม่นะ"""
[Op_2D();],,[Op_2D();]
,,
[Phoenix Wright],,[Phoenix Wright]
"#""I polish it daily.""",,"#""ผมขัดทุกวันครับ"""
[ReadKey();],,[ReadKey();]
,,
[Lana],,[Lana]
"#""In a few years, the gold""",,"#""ในอีกไม่กี่ปี"""
[NewLine();],,[NewLine();]
"#""plating will flake off.""",,"#""ทองที่เคลือบไว้จะลอกออก"""
[ReadKey();],,[ReadKey();]
"#""Then we'll see the real you.""",,"#""ตอนนั้นแหละที่เราจะเห็นตัวจริงของคุณ"""
[Op_2D();],,[Op_2D();]
,,
[Phoenix Wright],,[Phoenix Wright]
[SetTextColor(Blue);],,[SetTextColor(Blue);]
"#""(Gah!""",,"#""(เย้ย!"""
[Wait(20);],,[Wait(20);]
"#"" """,,"#"" """
"#""What ever happened""",,"#""ทำไมอยู่ดีๆ"""
[NewLine();],,[NewLine();]
"#""to innocent small talk!?)""",,"#""ก็ซีเรียสซะงั้น!?)"""
[SetTextColor(White);],,[SetTextColor(White);]
[ReadKey();],,[ReadKey();]
,,
[Lana],,[Lana]
"#""Give it three years.""",,"#""รออีกสามปี"""
[NewLine();],,[NewLine();]
"#""Then we'll see what you have""",,"#""แล้วมาดูกันว่าคุณจะเป็นยังไง"""
[NewLine();],,[NewLine();]
"#""become.""",,"#"""""
[ReadKey();],,[ReadKey();]
[Op_15();],,[Op_15();]
,,
[Phoenix Wright],,[Phoenix Wright]
"#""Would you mind taking""",,"#""ช่วยดูนี่หน่อย"""
[NewLine();],,[NewLine();]
"#""a look at this?""",,"#""ได้ไหมครับ?"""
[ReadKey();],,[ReadKey();]
,,
[Lana],,[Lana]
"#""I'll say this once and only""",,"#""ฉันจะพูดครั้งนี้ครั้งเดียวนะ"""
[NewLine();],,[NewLine();]
"#""once, Mr. Wright.""",,"#""คุณ<ไรท์>"""
[ReadKey();],,[ReadKey();]
"#""Attorneys and prosecutors""",,"#""ทนายความและอัยการ"""
[NewLine();],,[NewLine();]
"#""have no business showing""",,"#""ไม่ควรแสดง"""
[NewLine();],,[NewLine();]
"#""evidence outside court.""",,"#""หลักฐานนอกชั้นศาล"""
[ReadKey();],,[ReadKey();]
"#""It's taboo.""",,"#""เป็นเรื่องต้องห้าม"""
[Wait(20);],,[Wait(20);]
"#"" Especially when""",,"#"" โดยเฉพาะเมื่อ"""
[NewLine();],,[NewLine();]
"#""the interests of both parties""",,"#""มีผลประโยชน์ของ"""
[NewLine();],,[NewLine();]
"#""are involved.""",,"#""ทั้งสองฝ่ายมาเกี่ยวข้อง"""
[ReadKey();],,[ReadKey();]
"#""This is a basic principle,""",,"#""นี่คือเรื่องพื้นฐานนะ"""
[NewLine();],,[NewLine();]
"#""Mr. Wright.""",,"#""คุณ<ไรท์>"""
[Wait(20);],,[Wait(20);]
"#"" You'd do well""",,"#"" รู้เอาไว้ซะ"""
[NewLine();],,[NewLine();]
"#""to learn it.""",,"#"""""
[Op_2D();],,[Op_2D();]
,,
[Ema],,[Ema]
"#""She got pretty mad at you.""",,"#""เธอกำลังกริ้วเลยล่ะ"""
[ReadKey();],,[ReadKey();]
,,
[Phoenix Wright],,[Phoenix Wright]
"#""You wouldn't think she'd be""",,"#""ใครจะไปคิดว่าคนอย่างเธอ"""
[NewLine();],,[NewLine();]
"#""in the position to lecture""",,"#""จะมีอารมณ์มาสั่งสอนคนอื่น"""
[NewLine();],,[NewLine();]
"#""anyone right now.""",,"#""ในสภาพแบบนี้น่ะ"""
[Op_2D();],,[Op_2D();]
[Op_15();],,[Op_15();]
,,
[Lana],,[Lana]
"#""Well, Mr. Wright?""",,"#""ว่าไงคุณ<ไรท์>?"""
[Op_2D();],,[Op_2D();]
,,
[Phoenix Wright],,[Phoenix Wright]
"#""E-""",,"#""อ-"""
[Wait(8);],,[Wait(8);]
"#""excuse me?""",,"#""อะไรนะครับ?"""
[ReadKey();],,[ReadKey();]
,,
[Lana],,[Lana]
"#""As you can plainly see,""",,"#""ก็อย่างที่คุณเห็น"""
[NewLine();],,[NewLine();]
"#""I am admitting my guilt.""",,"#""ฉันสารภาพผิด"""
[ReadKey();],,[ReadKey();]
"#""I think it's safe to say...""",,"#""ฉันมั่นใจเลยว่า..."""
[NewLine();],,[NewLine();]
"#""there's no way you can""",,"#""ไม่มีทางที่คุณจะรับ"""
[NewLine();],,[NewLine();]
"#""take this case.""",,"#""คดีนี้"""
[Wait(20);],,[Wait(20);]
"#"" None.""",,"#"" ไม่มีทาง"""
[Op_2D();],,[Op_2D();]
,,
[Ema],,[Ema]
"#""B-""",,"#""ต-"""
[Wait(8);],,[Wait(8);]
"#""but, Lana!""",,"#""แต่ พี่<ลาน่า>!"""
[Op_2D();],,[Op_2D();]
,,
[Lana],,[Lana]
"#""...""",,"#""..."""
[Op_2D();],,[Op_2D();]
,,
[Ema],,[Ema]
"#""Why...?""",,"#""ทำไม...?"""
[Wait(20);],,[Wait(20);]
"#"" Why are you doing""",,"#"" ทำไมพี่ถึง"""
[NewLine();],,[NewLine();]
"#""this to me?""",,"#""ทำแบบนี้กับหนู?"""
[ReadKey();],,[ReadKey();]
"#""You never think of anyone""",,"#""พี่ไม่เคยคิดถึงคนอื่นเลย"""
[NewLine();],,[NewLine();]
"#""but yourself.""",,"#""นอกจากตัวเอง"""
[Op_2D();],,[Op_2D();]
,,
[Lana],,[Lana]
"#""...!""",,"#""...!"""
[Op_2D();],,[Op_2D();]
,,
[Ema],,[Ema]
"#""I know you didn't do it,""",,"#""หนูรู้ว่าพี่ไม่ได้ทำ"""
[NewLine();],,[NewLine();]
"#""Lana, I know!""",,"#""หนูรู้!"""
[ReadKey();],,[ReadKey();]
"#""So...""",,"#""แล้ว..."""
[NewLine();],,[NewLine();]
"#""So how can you say you did!?""",,"#""แล้วพี่พูดแบบนั้นได้ยังไง!?"""
[Op_2D();],,[Op_2D();]
,,
[Lana],,[Lana]
"#""...""",,"#""..."""
[Op_2D();],,[Op_2D();]
,,
[Ema],,[Ema]
"#""If I lose you...""",,"#""ถ้าไม่มีพี่..."""
[ReadKey();],,[ReadKey();]
"#""I'll be all alone!""",,"#""หนูก็ไม่เหลือใครแล้ว!"""
[ReadKey();],,[ReadKey();]
,,
[Ema],,[Ema]
"#""I...""",,"#""หนู..."""
[NewLine();],,[NewLine();]
"#""I hate you, Lana!""",,"#""หนูเกลียดพี่ พี่<ลาน่า>!"""
[Op_2D();],,[Op_2D();]
,,
[Lana],,[Lana]
"#""...""",,"#""..."""
[ReadKey();],,[ReadKey();]
"#""Mr. Wright?""",,"#""คุณ<ไรท์>?"""
[Op_2D();],,[Op_2D();]
,,
[Phoenix Wright],,[Phoenix Wright]
"#""Y-""",,"#""ค-"""
[Wait(8);],,[Wait(8);]
"#""yes?""",,"#""ครับ?"""
[ReadKey();],,[ReadKey();]
,,
[Lana],,[Lana]
"#""I believe our discussion""",,"#""ฉันคิดว่าเราคุย"""
[NewLine();],,[NewLine();]
"#""here is ended.""",,"#""กันพอแล้ว"""
[ReadKey();],,[ReadKey();]
"#""The rest...""",,"#""ที่เหลือ..."""
[NewLine();],,[NewLine();]
"#""I leave to you.""",,"#""เป็นหน้าที่ของคุณ"""
[Op_2D();],,[Op_2D();]
,,
[Phoenix Wright],,[Phoenix Wright]
"#""...!""",,"#""...!"""
[Op_2D();],,[Op_2D();]
"#""Um...""",,"#""เอิ่ม..."""
[Wait(20);],,[Wait(20);]
"#"" you mean, you're""",,"#"" งั้นหมายความว่า"""
[NewLine();],,[NewLine();]
"#""requesting my services""",,"#""คุณต้องการให้"""
[NewLine();],,[NewLine();]
"#""as your defense?""",,"#""ผมว่าความให้เหรอครับ?"""
[Op_2D();],,[Op_2D();]
,,
[Lana],,[Lana]
"#""Don't lose any sleep over it.""",,"#""อย่าจริงจังมากล่ะ"""
[Wait(20);],,[Wait(20);]
[NewLine();],,[NewLine();]
"#""Your client has confessed,""",,"#""ลูกความของคุณสารภาพ"""
[NewLine();],,[NewLine();]
"#""after all.""",,"#""ไปแล้ว"""
[Wait(20);],,[Wait(20);]
"#"" The case is over.""",,"#"" คดีมันจบแล้ว"""
[Op_2D();],,[Op_2D();]
,,
[Phoenix Wright],,[Phoenix Wright]
"#""Right...""",,"#""ได้ครับ..."""
[Wait(20);],,[Wait(20);]
"#"" I'll do what I can""",,"#"" ผมจะทำเท่าที่ทำได้"""
[NewLine();],,[NewLine();]
"#""to get to the bottom of this.""",,"#"""""
[ReadKey();],,[ReadKey();]
,,
[Lana],,[Lana]
"#""...""",,"#""..."""
[ReadKey();],,[ReadKey();]
,,
[Phoenix Wright],,[Phoenix Wright]
[SetTextColor(Blue);],,[SetTextColor(Blue);]
"#""(Lana has confessed to""",,"#""(<ลาน่า>ได้สารภาพผิด"""
[NewLine();],,[NewLine();]
"#""the crime, yes...)""",,"#""ไปแล้ว นั่นก็ใช่...)"""
[Op_2D();],,[Op_2D();]
"#""(But something doesn't fit.)""",,"#""(แต่บางอย่างมันแปลกๆ)"""
[Op_2D();],,[Op_2D();]
"#""(It's that look in Ema's""",,"#""(สีหน้าของ<เอม่า>)"""
[NewLine();],,[NewLine();]
"#""eyes.)""",,"#"""""
[Op_2D();],,[Op_2D();]
"#""(There's something else going""",,"#""(มันมีอะไรที่มากกว่านี้แน่..."""
[NewLine();],,[NewLine();]
"#""on here...""",,"#"""""
[Wait(20);],,[Wait(20);]
"#"" and I'm going to""",,"#""และฉันจะหาว่า"""
[NewLine();],,[NewLine();]
"#""find out what!)""",,"#""มันคืออะไร!)"""
[SetTextColor(White);],,[SetTextColor(White);]
[ReadKey();],,[ReadKey();]
[Op_15();],,[Op_15();]
,,
[Clear Speaker],,[Clear Speaker]
[SetTextColor(Green);],,[SetTextColor(Green);]
"#""February 22""",,"#""22 กุมภาพันธ์"""
[NewLine();],,[NewLine();]
"#""High Prosecutor's Office""",,"#""สำนักงานอัยการสูงสุด"""
[NewLine();],,[NewLine();]
"#""Room 1202""",,"#""ห้อง 1202"""
[SetTextColor(White);],,[SetTextColor(White);]
[ReadKey();],,[ReadKey();]
,,
[Ema],,[Ema]
"#""This...""",,"#""ที่นี่..."""
[Wait(20);],,[Wait(20);]
"#"" this is quite""",,"#"" ก็เอาเรื่องอยู่"""
[NewLine();],,[NewLine();]
"#""the place.""",,"#""เหมือนกันแฮะ"""
[Op_2D();],,[Op_2D();]
,,
[Phoenix Wright],,[Phoenix Wright]
"#""You can say that again.""",,"#""พูดอีกก็ถูกอีก"""
[ReadKey();],,[ReadKey();]
,,
[Ema],,[Ema]
"#""But, you know Mr. Wright,""",,"#""แต่รู้อะไรไหม คุณ<ไรท์>"""
[NewLine();],,[NewLine();]
"#""you could do your office up""",,"#""คุณทำออฟฟิศให้"""
[NewLine();],,[NewLine();]
"#""like this too!""",,"#""เป็นแบบนี้ก็ได้นะ!"""
[ReadKey();],,[ReadKey();]
"#""All you need is money and""",,"#""ที่คุณต้องมีก็คือเงินแล้วก็"""
[NewLine();],,[NewLine();]
"#""a little design sense...""",,"#""เซ้นส์การดีไซน์นิดๆ หน่อยๆ..."""
[ReadKey();],,[ReadKey();]
,,
[Phoenix Wright],,[Phoenix Wright]
"#""I'm not doing so well in""",,"#""ฉันไม่มีทั้งสองเรื่องนั้นเลยน่ะ"""
[NewLine();],,[NewLine();]
"#""either of those areas.""",,"#"""""
[ReadKey();],,[ReadKey();]
,,
[Ema],,[Ema]
"#""In any case, it looks like""",,"#""อะไรก็แล้วแต่ ดูเหมือนว่า"""
[NewLine();],,[NewLine();]
"#""the prosecutor is out.""",,"#""อัยการจะไม่อยู่แฮะ"""
[Op_2D();],,[Op_2D();]
,,
[Phoenix Wright],,[Phoenix Wright]
"#""Let's come back later.""",,"#""กลับมาทีหลังดีไหม?"""
[Op_2D();],,[Op_2D();]
[Op_15();],,[Op_15();]
,,
[Phoenix Wright],,[Phoenix Wright]
"#""What's this?""",,"#""นี่อะไรอะ?"""
[Wait(20);],,[Wait(20);]
"#"" It looks like""",,"#"" มันดูเหมือน"""
[NewLine();],,[NewLine();]
"#""a shield of some kind...""",,"#""โล่อะไรประมาณนั้น..."""
[Wait(20);],,[Wait(20);]
[NewLine();],,[NewLine();]
"#""It's broken.""",,"#""มันพังด้วย"""
[ReadKey();],,[ReadKey();]
"#""Maybe it's made out of""",,"#""บางทีมันอาจจะทำมาจาก"""
[NewLine();],,[NewLine();]
"#""chocolate, and its owner""",,"#""ช็อกโกแลต แล้วเจ้าของก็"""
[NewLine();],,[NewLine();]
"#""took a bite out of it.""",,"#""ลองชิมดูล่ะมั้ง"""
[ReadKey();],,[ReadKey();]
,,
[Ema],,[Ema]
"#""It appears to be made out""",,"#""ดูแล้วทำมาจากทองแดง"""
[NewLine();],,[NewLine();]
"#""of bronze with gold plating.""",,"#""แล้วเคลือบด้วยทองอีกที"""
[ReadKey();],,[ReadKey();]
"#""It's not worth much.""",,"#""น่าจะไม่แพงมาก"""
[NewLine();],,[NewLine();]
"#""$70 tops.""",,"#""มากสุด 2,500"""
[ReadKey();],,[ReadKey();]
,,
[Phoenix Wright],,[Phoenix Wright]
[SetTextColor(Blue);],,[SetTextColor(Blue);]
"#""(This girl has a thing about""",,"#""(เด็กผู้หญิงคนนี้"""
[NewLine();],,[NewLine();]
"#""pricing everything, doesn't""",,"#""ตีราคาให้ทุกอย่างเลย"""
[NewLine();],,[NewLine();]
"#""she?)""",,"#""ใช่ไหมเนี่ย?)"""
[SetTextColor(White);],,[SetTextColor(White);]
[ReadKey();],,[ReadKey();]
,,
[Ema],,[Ema]
"#""I wonder what that big""",,"#""สงสัยจังเลยว่า"""
[NewLine();],,[NewLine();]
"#""""K"" means?""",,"#""""K"" หมายถึงอะไร?"""
[Wait(20);],,[Wait(20);]
"#"" Mysterious...""",,"#"" ปริศนา..."""
[Op_2D();],,[Op_2D();]
[Op_15();],,[Op_15();]
,,
[Ema],,[Ema]
"#""Whoa!""",,"#""โว้ว!"""
[ReadKey();],,[ReadKey();]
"#""What a view!""",,"#""วิวสวยจัง!"""
[Wait(20);],,[Wait(20);]
"#"" It must be""",,"#"" ดีจังเนอะที่มี"""
[NewLine();],,[NewLine();]
"#""nice to have an office on""",,"#""ออฟฟิศที่ชั้น"""
[NewLine();],,[NewLine();]
"#""the 12th floor.""",,"#""12 แบบนี้น่ะ"""
[Op_2D();],,[Op_2D();]
,,
[Phoenix Wright],,[Phoenix Wright]
"#""I guess you would feel...""",,"#""ก็คงจะให้ความรู้สึกแบบคน..."""
[Wait(20);],,[Wait(20);]
[NewLine();],,[NewLine();]
"#""important.""",,"#""สำคัญ"""
[ReadKey();],,[ReadKey();]
,,
[Ema],,[Ema]
"#""Incidentally...""",,"#""จะว่าไปแล้ว..."""
[ReadKey();],,[ReadKey();]
"#""Were you to jump out this""",,"#""ถ้ากระโดดลงจากหน้าต่างนี้"""
[NewLine();],,[NewLine();]
"#""window, the time until impact""",,"#""เวลาที่จะกระทบ"""
[NewLine();],,[NewLine();]
"#""with the ground would be...""",,"#""กับพื้นจะเป็น..."""
[ReadKey();],,[ReadKey();]
"#""...""",,"#""..."""
[ReadKey();],,[ReadKey();]
"#""Got it!""",,"#""ได้ล่ะ!"""
[NewLine();],,[NewLine();]
"#""Approximately 3.23 seconds!""",,"#""ประมาณ 3.23 วินาที!"""
[Op_2D();],,[Op_2D();]
,,
[Phoenix Wright],,[Phoenix Wright]
[SetTextColor(Blue);],,[SetTextColor(Blue);]
"#""(That's handy to know...)""",,"#""(ข้อมูลมีประโยชน์มาก...)"""
[SetTextColor(White);],,[SetTextColor(White);]
[Op_2D();],,[Op_2D();]
[Op_15();],,[Op_15();]
,,
[Phoenix Wright],,[Phoenix Wright]
"#""A work desk.""",,"#""โต๊ะทำงาน"""
[Wait(20);],,[Wait(20);]
"#"" It's quite""",,"#"" มันดูเนี้ยบดี"""
[NewLine();],,[NewLine();]
"#""tidy, as one might expect.""",,"#""เหมือนที่สมควรจะเป็น"""
[ReadKey();],,[ReadKey();]
,,
[Ema],,[Ema]
"#""What a nice desk!""",,"#""โต๊ะดีจัง!"""
[Wait(20);],,[Wait(20);]
"#"" Easy to""",,"#"" ใช้งานง่าย"""
[NewLine();],,[NewLine();]
"#""use, and easy on the eyes!""",,"#""แถมยังสวยใช้ได้!"""
[ReadKey();],,[ReadKey();]
"#""It's polished so well I can""",,"#""ขัดมาดีจนเห็น"""
[NewLine();],,[NewLine();]
"#""see my own reflection.""",,"#""ภาพสะท้อนตัวเองเลย"""
[Op_2D();],,[Op_2D();]
,,
[Phoenix Wright],,[Phoenix Wright]
"#""I'd prefer not to have to""",,"#""ฉันเลือกที่จะไม่เห็น"""
[NewLine();],,[NewLine();]
"#""look at myself while I work...""",,"#""ตัวเองตอนทำงานดีกว่า..."""
[Op_2D();],,[Op_2D();]
[Op_15();],,[Op_15();]
,,
[Ema],,[Ema]
"#""Whoa!""",,"#""โว้ว!"""
[Wait(20);],,[Wait(20);]
"#"" These are all case""",,"#"" นี่สำนวนคดี"""
[NewLine();],,[NewLine();]
"#""files!?""",,"#""หมดเลยหรือเปล่าเนี่ย!?"""
[ReadKey();],,[ReadKey();]
"#""They're stacked up to the""",,"#""เรียงซ้อนกันสูงไปถึง"""
[NewLine();],,[NewLine();]
"#""ceiling!""",,"#""เพดานเลย!"""
[Wait(20);],,[Wait(20);]
"#"" There's even a """,,"#"" มีบันไดด้วย..."""
[NewLine();],,[NewLine();]
"#""ladder...""",,"#"""""
[Op_2D();],,[Op_2D();]
,,
[Phoenix Wright],,[Phoenix Wright]
"#""With the shelves already""",,"#""ชั้นมันอัดแน่น"""
[NewLine();],,[NewLine();]
"#""packed super tight like that...""",,"#""กันเต็มอย่างงั้น..."""
[ReadKey();],,[ReadKey();]
"#""what's the prosecutor going to""",,"#""แล้วถ้าอัยการมีเอกสารมาใหม่"""
[NewLine();],,[NewLine();]
"#""do when they get new files?""",,"#""จะเอาไว้ไหนล่ะเนี่ย?"""
[ReadKey();],,[ReadKey();]
,,
[Ema],,[Ema]
"#""...""",,"#""..."""
[ReadKey();],,[ReadKey();]
"#""Splendid, Mr. Wright!""",,"#""เยี่ยมยอด คุณ<ไรท์>!"""
[Wait(20);],,[Wait(20);]
[NewLine();],,[NewLine();]
"#""What an unusual observation!""",,"#""เป็นการสังเกตที่ไม่ธรรมดา!"""
[Op_2D();],,[Op_2D();]
,,
[Phoenix Wright],,[Phoenix Wright]
[SetTextColor(Blue);],,[SetTextColor(Blue);]
"#""(I think that was a""",,"#""(นั่นเป็นคำชม"""
[NewLine();],,[NewLine();]
"#""compliment...?)""",,"#""ใช่ไหมนะ...?)"""
[SetTextColor(White);],,[SetTextColor(White);]
[Op_2D();],,[Op_2D();]
[Op_15();],,[Op_15();]
,,
[Ema],,[Ema]
"#""Hey, a chessboard!""",,"#""เฮ้ นี่กระดานหมากรุก!"""
[Op_2D();],,[Op_2D();]
,,
[Phoenix Wright],,[Phoenix Wright]
"#""I'm not too up on my chess""",,"#""ฉันไม่ค่อยเก่งหมากรุกหรอกนะ"""
[NewLine();],,[NewLine();]
"#""but it looks like Blue's""",,"#""แต่รู้สึกว่าสีน้ำเงิน"""
[NewLine();],,[NewLine();]
"#""in a bit of a tight spot.""",,"#""กำลังตกที่นั่งลำบาก"""
[ReadKey();],,[ReadKey();]
,,
[Ema],,[Ema]
"#""The Red Knights have""",,"#""อัศวินสีแดงล้อม"""
[NewLine();],,[NewLine();]
"#""surrounded the Blue Pawn...""",,"#""เบี้ยสีน้ำเงินไว้..."""
[Op_2D();],,[Op_2D();]
,,
[Phoenix Wright],,[Phoenix Wright]
"#""Huh?""",,"#""ห๊ะ?"""
[ReadKey();],,[ReadKey();]
,,
[Ema],,[Ema]
"#""Those horses are mounted""",,"#""อยากรู้จังว่าในชีวิตจริง"""
[NewLine();],,[NewLine();]
"#""knights.""",,"#"""""
[Wait(20);],,[Wait(20);]
"#"" Their swords have""",,"#""ม้าพวกนี้จะวิ่งได้ซักกี่ ""ไมล์"""""
[NewLine();],,[NewLine();]
"#""really sharp ""edges!""""",,"#""ก่อนที่มันจะเหนื่อยกันนะ"""
[ReadKey();],,[ReadKey();]
"#""And check out that poor pawn,""",,"#""แล้วดูเบี้ยน่าสงสารพวกนั้นสิ"""
[NewLine();],,[NewLine();]
"#""his head is kind of spiky...""",,"#""หัวมันแหลมๆ..."""
[Wait(20);],,[Wait(20);]
[NewLine();],,[NewLine();]
"#""Kind of reminds me of you.""",,"#""ทำให้หนูคิดถึงคุณเลย"""
[Op_2D();],,[Op_2D();]
,,
[Phoenix Wright],,[Phoenix Wright]
[SetTextColor(Blue);],,[SetTextColor(Blue);]
"#""(Yeah, I know, but isn't the""",,"#""(ก็ใช่ แต่ไม่ใช่ว่าเป้าหมายคือ"""
[NewLine();],,[NewLine();]
"#""point to surround the King?)""",,"#""การล้อมรอบคิงเหรอ?)"""
[SetTextColor(White);],,[SetTextColor(White);]
[Op_2D();],,[Op_2D();]
[Op_15();],,[Op_15();]
,,
[Ema],,[Ema]
"#""Oooh!""",,"#""อู้วววว!"""
[Wait(20);],,[Wait(20);]
"#"" Cute!""",,"#"" น่าร๊าก!"""
[Wait(20);],,[Wait(20);]
[NewLine();],,[NewLine();]
"#""What a pretty tea set!""",,"#""เซ็ตถ้วยชาโซคิ้วท์!"""
[Op_2D();],,[Op_2D();]
,,
[Phoenix Wright],,[Phoenix Wright]
"#""I go more for the instant""",,"#""ปกติแล้วฉันชอบ"""
[NewLine();],,[NewLine();]
"#""tea bags myself.""",,"#""แบบเป็นถุงชามากกว่าน่ะ"""
[ReadKey();],,[ReadKey();]
,,
[Ema],,[Ema]
"#""Amazing!""",,"#""สุดยอด!"""
[Wait(20);],,[Wait(20);]
"#"" The drawer below""",,"#"" ลิ้นชักด้านล่าง"""
[NewLine();],,[NewLine();]
"#""is filled with packets of""",,"#""เต็มไปด้วยซอง"""
[NewLine();],,[NewLine();]
"#""tea leaves!""",,"#""ใบชา!"""
[ReadKey();],,[ReadKey();]
"#""They're all sorted by place of""",,"#""ถูกเรียงตาม"""
[NewLine();],,[NewLine();]
"#""origin and flavor!""",,"#""ที่มาและรสชาติ!"""
[ReadKey();],,[ReadKey();]
"#""Look at this Royal blend!""",,"#""ดูรอยัลเบลนนี่สิ!"""
[Wait(20);],,[Wait(20);]
[NewLine();],,[NewLine();]
"#""What an exquisitely splendid""",,"#""ช่างเป็นส่วนผสมที่"""
[NewLine();],,[NewLine();]
"#""concoction! """,,"#""ยอมเยี่ยมยิ่งยืนยง!"""
[ReadKey();],,[ReadKey();]
,,
[Phoenix Wright],,[Phoenix Wright]
[SetTextColor(Blue);],,[SetTextColor(Blue);]
"#""(There's such a thing as""",,"#""(บางครั้งงานอดิเรกก็"""
[NewLine();],,[NewLine();]
"#""taking a hobby too far...)""",,"#""เกินตัวได้เหมือนกันนะ...)"""
[SetTextColor(White);],,[SetTextColor(White);]
[Op_2D();],,[Op_2D();]
[Op_15();],,[Op_15();]
,,
[Ema],,[Ema]
"#""Wow!""",,"#""ว้าว!"""
[Wait(20);],,[Wait(20);]
[NewLine();],,[NewLine();]
"#""What an amazing bouquet!""",,"#""ช่อดอกไม้สวยจัง!"""
[Op_2D();],,[Op_2D();]
,,
[Phoenix Wright],,[Phoenix Wright]
"#""No kidding.""",,"#""เห็นด้วย"""
[Wait(20);],,[Wait(20);]
"#"" Hey, there's""",,"#"" เฮ้"""
[NewLine();],,[NewLine();]
"#""a card on it...""",,"#""มันมีการ์ดวางอยู่ด้วย..."""
[ReadKey();],,[ReadKey();]
"#""""Back from the Dead -- Wendy""""",,"#""""อยู่รอดปลอดภัย -- <เวนดี้>"""""
[ReadKey();],,[ReadKey();]
[SetTextColor(Blue);],,[SetTextColor(Blue);]
"#""(""Wendy""...?""",,"#""(""<เวนดี้>""...?"""
[Wait(20);],,[Wait(20);]
[NewLine();],,[NewLine();]
"#""I've heard that name""",,"#""เหมือนเคยได้ยิน"""
[NewLine();],,[NewLine();]
"#""somewhere before.)""",,"#""ชื่อนี้มาจากที่ไหนซักที่)"""
[SetTextColor(White);],,[SetTextColor(White);]
[ReadKey();],,[ReadKey();]
,,
[Ema],,[Ema]
"#""And here beside it...""",,"#""แล้วอันที่อยู่ข้างๆ..."""
[Wait(20);],,[Wait(20);]
[NewLine();],,[NewLine();]
"#""A giant Steel Samurai!""",,"#""ฟิกเกอร์ซามูไรเหล็กไหลยักษ์!"""
[ReadKey();],,[ReadKey();]
"#""Wow, I want one!""",,"#""ว้าว อยากได้จัง!"""
[Op_2D();],,[Op_2D();]
,,
[Phoenix Wright],,[Phoenix Wright]
"#""Huh?""",,"#""ห๊ะ?"""
[Wait(20);],,[Wait(20);]
"#"" There's something""",,"#"" มันมีอะไรบางอย่าง"""
[NewLine();],,[NewLine();]
"#""written on the bottom""",,"#""เขียนอยู่ข้างใต้"""
[NewLine();],,[NewLine();]
"#""of his foot.""",,"#""เท้าของมันด้วย"""
[ReadKey();],,[ReadKey();]
"#""""Between a rock and a""",,"#""""ร่างกายแข็ง"""
[NewLine();],,[NewLine();]
"#"" hard place. -- Wendy""""",,"#""แรงไม่มีโรคภัยเบียดเบียน -- <เวนดี้>"""""
[ReadKey();],,[ReadKey();]
,,
[Ema],,[Ema]
"#""Is the prosecutor in this""",,"#""อัยการในออฟฟิศนี้"""
[NewLine();],,[NewLine();]
"#""office named ""Wendy""?""",,"#""ชื่อ ""<เวนดี้>"" รึเปล่านะ?"""
[Op_2D();],,[Op_2D();]
,,
[Phoenix Wright],,[Phoenix Wright]
"#""Um...""",,"#""เอิ่ม..."""
[Wait(20);],,[Wait(20);]
"#"" I don't think so.""",,"#"" ฉันไม่คิดอย่างงั้นนะ"""
[Op_2D();],,[Op_2D();]
[Op_15();],,[Op_15();]
,,
[Ema],,[Ema]
"#""Ooh!""",,"#""โอ้วว!"""
[Wait(20);],,[Wait(20);]
"#"" What a soft and""",,"#"" โซฟานุ่มๆ"""
[NewLine();],,[NewLine();]
"#""comfy sofa!""",,"#""นั่งสบาย!"""
[ReadKey();],,[ReadKey();]
"#""It makes you want to say,""",,"#""ทำให้อยากพูดว่า"""
[NewLine();],,[NewLine();]
"#""""sofa, so good!""""",,"#""""โซฟา โซกู๊ด!"""""
[Op_2D();],,[Op_2D();]
,,
[Phoenix Wright],,[Phoenix Wright]
"#""...""",,"#""..."""
[ReadKey();],,[ReadKey();]
,,
[Ema],,[Ema]
"#""""Sofa""...""",,"#""""โซฟา""..."""
[Wait(20);],,[Wait(20);]
"#"" ""So far""...?""",,"#"" ""โซ ฟา"" ""So far""...?"""
[Op_2D();],,[Op_2D();]
,,
[Phoenix Wright],,[Phoenix Wright]
"#""Yeah, I got it.""",,"#""อ่า เข้าใจล่ะ"""
[Wait(20);],,[Wait(20);]
[NewLine();],,[NewLine();]
[SetTextColor(Blue);],,[SetTextColor(Blue);]
"#""(I'm glad she's not an""",,"#""(ดีนะที่เธอไม่ได้อยากเป็น"""
[NewLine();],,[NewLine();]
"#""aspiring comedienne...)""",,"#""ดาราตลกน่ะ...)"""
[SetTextColor(White);],,[SetTextColor(White);]
[Op_2D();],,[Op_2D();]
[Op_15();],,[Op_15();]
,,
[Ema],,[Ema]
"#""There's a jacket framed""",,"#""มีแจ็คเก็ตใส่กรอบ"""
[NewLine();],,[NewLine();]
"#""on the wall like a painting!""",,"#""แขวนไว้บนผนังอย่างกับรูปภาพ!"""
[ReadKey();],,[ReadKey();]
"#""The fabric is high-grade""",,"#""เนื้อผ้าดูเกรดดีมาก"""
[NewLine();],,[NewLine();]
"#""cashmere...""",,"#""แคชเมียร์..."""
[Wait(20);],,[Wait(20);]
"#"" Italian styling...""",,"#"" สไตล์อิตาเลียน..."""
[ReadKey();],,[ReadKey();]
"#""Silk ruffles, turquoise""",,"#""แผงคอผ้าไหม กระดุมเทอร์ควอยซ์"""
[NewLine();],,[NewLine();]
"#""buttons, and a gold thread""",,"#""และปกคอเสื้อด้ายทอง"""
[NewLine();],,[NewLine();]
"#""collar.""",,"#"""""
[ReadKey();],,[ReadKey();]
"#""I'm guessing it's worth""",,"#""หนูเดาว่าราคาประมาณ"""
[NewLine();],,[NewLine();]
"#""around $5,000.""",,"#""180,000"""
[Op_2D();],,[Op_2D();]
,,
[Phoenix Wright],,[Phoenix Wright]
"#""F-""",,"#""ส-"""
[Wait(8);],,[Wait(8);]
"#""five thousand dollars!?""",,"#""แสนแปด!?"""
[ReadKey();],,[ReadKey();]
,,
[Ema],,[Ema]
"#""Speaking of which,""",,"#""พูดถึงแล้ว"""
[NewLine();],,[NewLine();]
"#""your suit would be about...""",,"#""สูทคุณก็น่าจะราคา..."""
[Op_2D();],,[Op_2D();]
,,
[Phoenix Wright],,[Phoenix Wright]
"#""Th-""",,"#""พ-"""
[Wait(8);],,[Wait(8);]
"#""that's enough of that.""",,"#""พอเลย"""
[Wait(20);],,[Wait(20);]
[NewLine();],,[NewLine();]
"#""I don't need my life appraised""",,"#""ฉันไม่อยากตีราคาชีวิตตัวเอง"""
[NewLine();],,[NewLine();]
"#""thank you very much.""",,"#""ขอบคุณมาก"""
[Op_2D();],,[Op_2D();]
[Op_15();],,[Op_15();]
,,
[Clear Speaker],,[Clear Speaker]
[SetTextColor(Green);],,[SetTextColor(Green);]
"#""February 22""",,"#""22 กุมภาพันธ์"""
[NewLine();],,[NewLine();]
"#""High Prosecutor's Office""",,"#""สำนักงานอัยการสูงสุด"""
[NewLine();],,[NewLine();]
"#""Room 1202""",,"#""ห้อง 1202"""
[SetTextColor(White);],,[SetTextColor(White);]
[ReadKey();],,[ReadKey();]
,,
[Ema],,[Ema]
"#""This is the kind of room""",,"#""ห้องนี้มันแบบว่า"""
[NewLine();],,[NewLine();]
"#""that just screams ""I can""",,"#""คนที่อยู่จะเป็นพวกแบบ"""
[NewLine();],,[NewLine();]
"#""do the job.""""",,"#""""ทำงานดี ทำงานเป็น"""""
[ReadKey();],,[ReadKey();]
"#""Quite a change from""",,"#""ต่างจากออฟฟิศ"""
[NewLine();],,[NewLine();]
"#""your office, really.""",,"#""คุณพอสมควรเลยจริงๆ"""
[Op_2D();],,[Op_2D();]
,,
[Phoenix Wright],,[Phoenix Wright]
"#""Thanks.""",,"#""ขอบใจ"""
[ReadKey();],,[ReadKey();]
,,
[Ema],,[Ema]
"#""Look, look!""",,"#""ดู ดู!"""
[Wait(20);],,[Wait(20);]
"#"" There's a """,,"#"" มันมี"""
[NewLine();],,[NewLine();]
"#""trophy or something here!""",,"#""ถ้วยรางวัลตรงนี้!"""
[Op_2D();],,[Op_2D();]
,,
[Phoenix Wright],,[Phoenix Wright]
[SetTextColor(Blue);],,[SetTextColor(Blue);]
"#""(A """,,"#""("""
[SetTextColor(Red);],,[SetTextColor(Red);]
"#""trophy""",,"#""ถ้วยรางวัล"""
[SetTextColor(Blue);],,[SetTextColor(Blue);]
"#""?""",,"#""?"""
[Wait(20);],,[Wait(20);]
"#"" What, that shield?)""",,"#"" ไหน ไอ้โล่นั่นเหรอ?)"""
[SetTextColor(White);],,[SetTextColor(White);]
[ReadKey();],,[ReadKey();]
,,
[Ema],,[Ema]
"#""It takes real nerve to""",,"#""ต้องมั่นหน้าพอสมควร"""
[NewLine();],,[NewLine();]
"#""display stuff like this.""",,"#""เลยนะที่โชว์ของแบบนี้"""
[ReadKey();],,[ReadKey();]
"#""Whoever's office this is, they""",,"#""ใครเป็นเจ้าของออฟฟิศนี้กันนะ"""
[NewLine();],,[NewLine();]
"#""must be a real stuck-up jerk!""",,"#""น่าจะหยิ่งพอสมควร!"""
[ReadKey();],,[ReadKey();]
,,
[Unknown Speaker],,[Unknown Speaker]
"#""Phoenix Wright...""",,"#""<ฟีนิกซ์ ไรท์>..."""
[ReadKey();],,[ReadKey();]
"#""You never tire of prying""",,"#""ไม่เคยเหนื่อย"""
[NewLine();],,[NewLine();]
"#""into other people's""",,"#""กับการมาจุ้นจ้านเรื่อง"""
[NewLine();],,[NewLine();]
"#""business, do you?""",,"#""ของคนอื่นเลยหรือไง?"""
[Op_2D();],,[Op_2D();]
,,
[Phoenix Wright],,[Phoenix Wright]
[SetTextColor(Blue);],,[SetTextColor(Blue);]
"#""(That voice...!)""",,"#""(เสียงนั่น...!)"""
[SetTextColor(White);],,[SetTextColor(White);]
[ReadKey();],,[ReadKey();]
"#""Long time, no see, Edgeworth.""",,"#""ไม่เจอกันนานเลยนะ <เอ็จเวิร์ธ>"""
[Wait(20);],,[Wait(20);]
[ReadKey();],,[ReadKey();]
,,
[Ema],,[Ema]
"#""Huh?""",,"#""อะเด๊ะ?"""
[ReadKey();],,[ReadKey();]
"#""Aaaaaaaaaaaaah!""",,"#""อ๊าาาาาาาาาาาาาาาา!"""
[NewLine();],,[NewLine();]
"#""M-""",,"#""ค-"""
[Wait(8);],,[Wait(8);]
"#""M-""",,"#""ค-"""
[Wait(8);],,[Wait(8);]
"#""Mr.""",,"#""คุณ"""
[Wait(20);],,[Wait(20);]
"#"" Edgeworth!""",,"#""<เอ็จเวิร์ธ>!"""
[Op_2D();],,[Op_2D();]
,,
[Phoenix Wright],,[Phoenix Wright]
"#""...!""",,"#""...!"""
[Wait(20);],,[Wait(20);]
[NewLine();],,[NewLine();]
[Wait(16);],,[Wait(16);]
[Wait(16);],,[Wait(16);]
"#""You know him from somewhere?""",,"#""รู้จักเขาด้วยเหรอ?"""
[ReadKey();],,[ReadKey();]
,,
[Ema],,[Ema]
"#""O-""",,"#""น-"""
[Wait(8);],,[Wait(8);]
"#""of course!""",,"#""แน่นอนสิ!"""
[Wait(20);],,[Wait(20);]
"#"" I'm his""",,"#"" หนูเป็นแฟนตัวยง!"""
[NewLine();],,[NewLine();]
"#""biggest fan!""",,"#"""""
[ReadKey();],,[ReadKey();]
"#""My sister introduced us""",,"#""พี่สาวหนูเคยแนะนำให้รู้จัก"""
[NewLine();],,[NewLine();]
"#""once, and...""",,"#""อยู่ครั้งนึง แล้วก็..."""
[Op_2D();],,[Op_2D();]
,,
[Phoenix Wright],,[Phoenix Wright]
[SetTextColor(Blue);],,[SetTextColor(Blue);]
"#""(Right...""",,"#""(จริงสิ..."""
[Wait(20);],,[Wait(20);]
"#"" """,,"#"" """
"#""her sister is""",,"#""พี่สาวเธอเป็น"""
[NewLine();],,[NewLine();]
"#""the Chief Prosecutor,""",,"#""อัยการสูงสุดนี่นา)"""
[NewLine();],,[NewLine();]
"#""after all.)""",,"#"""""
[SetTextColor(White);],,[SetTextColor(White);]
[Op_2D();],,[Op_2D();]
,,
[Miles Edgeworth],,[Miles Edgeworth]
"#""Well?""",,"#""แล้ว?"""
[Wait(20);],,[Wait(20);]
"#"" What brings you here?""",,"#"" อะไรพาเธอมาที่นี่?"""
[ReadKey();],,[ReadKey();]
"#""I'll warn you...""",,"#""ขอเตือนก่อนเลยนะ..."""
[Wait(20);],,[Wait(20);]
"#"" I've been""",,"#"" ว่าฉันน่ะเป็น"""
[NewLine();],,[NewLine();]
"#""known to be a real """,,"#""คนที่หยิ่งอยู่"""
[NewLine();],,[NewLine();]
"#""stuck-up jerk...""",,"#""พอสมควรเลยล่ะ..."""
[Op_2D();],,[Op_2D();]
,,
[Ema],,[Ema]
"#""N-""",,"#""ม-"""
[Wait(8);],,[Wait(8);]
"#""no!""",,"#""ไม่!"""
[Wait(20);],,[Wait(20);]
"#"" """,,"#"" """
"#""Did I...?""",,"#""นี่หนู...?"""
[Wait(20);],,[Wait(20);]
"#"" """,,"#"" """
[NewLine();],,[NewLine();]
"#""No!""",,"#""ไม่!"""
[ReadKey();],,[ReadKey();]
"#""It was just, Mr. Wright here,""",,"#""เป็นคุณ<ไรท์>ต่างหาก"""
[NewLine();],,[NewLine();]
"#""he...""",,"#""เขา..."""
[Op_2D();],,[Op_2D();]
,,
[Phoenix Wright],,[Phoenix Wright]
"#""Hey!""",,"#""เฮ้ย!"""
[Wait(20);],,[Wait(20);]
"#"" Don't blame me!""",,"#"" อย่ามาโทษฉันสิ!"""
[ReadKey();],,[ReadKey();]
,,
[Ema],,[Ema]
"#""W-""",,"#""พ-"""
[Wait(8);],,[Wait(8);]
"#""we're just here to""",,"#""พวกเรามาที่นี่"""
[NewLine();],,[NewLine();]
"#""investigate a murder case!""",,"#""เพื่อมาสืบสวนคดีฆาตกรรมค่ะ!"""
[Op_2D();],,[Op_2D();]
,,
[Miles Edgeworth],,[Miles Edgeworth]
"#""Murder...?""",,"#""ฆาตกรรม...?"""
[Op_2D();],,[Op_2D();]
,,
[Ema],,[Ema]
"#""A body was found in this""",,"#""มีศพถูกพบในท้ายรถของ"""
[NewLine();],,[NewLine();]
"#""nasty, bright red sports car""",,"#""รถสปอร์ตคันสีแดงๆ แสบๆ ตา"""
[NewLine();],,[NewLine();]
"#""in the parking lot...""",,"#""ในลานจอดรถค่ะ..."""
[Op_2D();],,[Op_2D();]
,,
[Miles Edgeworth],,[Miles Edgeworth]
"#""Hmm?""",,"#""หืมม?"""
[ReadKey();],,[ReadKey();]
"#""That would be """,,"#""นั่นน่ะ"""
[SetTextColor(Red);],,[SetTextColor(Red);]
"#""my car""",,"#""รถของฉันเอง"""
[SetTextColor(White);],,[SetTextColor(White);]
"#"".""",,"#"""""
[NewLine();],,[NewLine();]
"#""What of it?""",,"#""มันทำไมเหรอ?"""
[Op_2D();],,[Op_2D();]
,,
[Ema],,[Ema]
"#""Whaa""",,"#""อะไรน๊า"""
"#""aaa""",,"#""าาา"""
"#""aaaa""",,"#""าาาา"""
"#""aaat!?""",,"#""าาาา!?"""
[NewLine();],,[NewLine();]
"#""Y-""",,"#""ข-"""
[Wait(8);],,[Wait(8);]
"#""y-""",,"#""ข-"""
[Wait(8);],,[Wait(8);]
"#""y-""",,"#""ข-"""
[Wait(8);],,[Wait(8);]
"#""your car!?""",,"#""ของคุณเหรอ!?"""
[ReadKey();],,[ReadKey();]
,,
[Phoenix Wright],,[Phoenix Wright]
[SetTextColor(Blue);],,[SetTextColor(Blue);]
"#""(I'll say one thing, she""",,"#""(บอกให้อย่างนึงเลย"""
[NewLine();],,[NewLine();]
"#""certainly can scream.)""",,"#""เสียงกรี๊ดเธอไม่เป็นรองใครจริงๆ)"""
[SetTextColor(White);],,[SetTextColor(White);]
[ReadKey();],,[ReadKey();]
[Op_15();],,[Op_15();]
,,
[Unknown Speaker],,[Unknown Speaker]
"#""Um...!""",,"#""เอิ่ม...!"""
[ReadKey();],,[ReadKey();]
"#""Excuse me!""",,"#""ขออนุญาตครับ!"""
[Wait(20);],,[Wait(20);]
"#"" But is""",,"#"""""
[NewLine();],,[NewLine();]
"#""Mr. Edgeworth, uh...""",,"#""คุณ<เอ็จเวิร์ธ> เอ่อ..."""
[Wait(20);],,[Wait(20);]
[NewLine();],,[NewLine();]
"#""anywhere on the premises?""",,"#""อยู่ที่นี่หรือเปล่าครับ?"""
[Op_2D();],,[Op_2D();]
,,
[Miles Edgeworth],,[Miles Edgeworth]
"#""I'm Edgeworth.""",,"#""ผม<เอ็จเวิร์ธ>"""
[Wait(20);],,[Wait(20);]
[NewLine();],,[NewLine();]
"#""What is it?""",,"#""มีอะไรหรือเปล่า?"""
[Op_2D();],,[Op_2D();]
,,
[Meekins],,[Meekins]
"#""I'm here, """,,"#""ผมมาที่นี่"""
[Wait(8);],,[Wait(8);]
"#""sir, at the """,,"#""ตามคำขอ"""
[NewLine();],,[NewLine();]
"#""request of the Chief, """,,"#""ของผบ.ตร."""
[Wait(8);],,[Wait(8);]
"#""sir!""",,"#"" ครับท่าน!"""
[Wait(20);],,[Wait(20);]
[NewLine();],,[NewLine();]
"#""I've got your report, """,,"#""ผมมีรายงานมาให้"""
[Wait(8);],,[Wait(8);]
"#""sir!""",,"#""ครับท่าน!"""
[Op_2D();],,[Op_2D();]
,,
[Miles Edgeworth],,[Miles Edgeworth]
"#""Report?""",,"#""รายงาน?"""
[ReadKey();],,[ReadKey();]
"#""What?""",,"#""อะไร?"""
[Wait(20);],,[Wait(20);]
"#"" """,,"#"" """
"#""Did you find new""",,"#""คุณเจอหลักฐาน"""
[NewLine();],,[NewLine();]
"#""evidence in the case against""",,"#""ใหม่ในคดีของ"""
[NewLine();],,[NewLine();]
"#""Chief Prosecutor Skye!?""",,"#""อัยการสูงสุด<สกาย>เหรอ!?"""
[Op_2D();],,[Op_2D();]
,,
[Phoenix Wright],,[Phoenix Wright]
[SetTextColor(Blue);],,[SetTextColor(Blue);]
"#""(I don't like the way""",,"#""(ฉันไม่ชอบทิศทาง"""
[NewLine();],,[NewLine();]
"#""this conversation is""",,"#""ของการสนทนา"""
[NewLine();],,[NewLine();]
"#""going at all...)""",,"#""นี่เอาซะเลย...)"""
[SetTextColor(White);],,[SetTextColor(White);]
[Op_2D();],,[Op_2D();]
,,
[Meekins],,[Meekins]
"#""Er...""",,"#""เออ..."""
[Wait(20);],,[Wait(20);]
"#"" Skye, sir?""",,"#"" <สกาย>เหรอครับท่าน?"""
[NewLine();],,[NewLine();]
"#""No, """,,"#""ไม่"""
[Wait(8);],,[Wait(8);]
"#""sir!""",,"#""ครับท่าน!"""
[ReadKey();],,[ReadKey();]
"#""No name of that kind, """,,"#""ไม่มีชื่อนั้น"""
[Wait(8);],,[Wait(8);]
"#""sir!""",,"#""ครับท่าน!"""
[Wait(20);],,[Wait(20);]
[NewLine();],,[NewLine();]
"#""Not in this report, """,,"#""ไม่มีในรายงานนี้"""
[Wait(8);],,[Wait(8);]
"#""sir!""",,"#""ครับท่าน!"""
[Op_2D();],,[Op_2D();]
,,
[Miles Edgeworth],,[Miles Edgeworth]
"#""...""",,"#""..."""
"#""!""",,"#""!"""
[ReadKey();],,[ReadKey();]
,,
[Phoenix Wright],,[Phoenix Wright]
[SetTextColor(Blue);],,[SetTextColor(Blue);]
"#""(I think I just heard """,,"#""(เหมือนฉันได้ยิน"""
[NewLine();],,[NewLine();]
"#""Edgeworth's lid blow.)""",,"#""<เอ็จเวิร์ธ>ปรี๊ดแตก)"""
[SetTextColor(White);],,[SetTextColor(White);]
[ReadKey();],,[ReadKey();]
,,
[Ema],,[Ema]
"#""Mr. Edgeworth's lid isn't""",,"#""คุณ<เอ็จเวิร์ธ>"""
[NewLine();],,[NewLine();]
"#""on very tight, is it?""",,"#""ดูปรี๊ดแตกง่ายดีนะ"""
[Op_2D();],,[Op_2D();]
,,
[Miles Edgeworth],,[Miles Edgeworth]
"#""I made a clear request to the""",,"#""ผมแจ้งกรมตำรวจ"""
[NewLine();],,[NewLine();]
"#""Police Department,""",,"#""ไปชัดเจนแล้ว"""
[Wait(15);],,[Wait(15);]
"#"" did I not?""",,"#"" ไม่ใช่หรือไง?"""
[ReadKey();],,[ReadKey();]
"#""I need to focus on the trial""",,"#""ผมต้องโฟกัสเรื่องศาลพรุ่งนี้"""
[NewLine();],,[NewLine();]
"#""tomorrow,""",,"#""ดังนั้น"""
[Wait(15);],,[Wait(15);]
"#"" so don't bring me""",,"#"" อย่าเอาอะไรที่"""
[NewLine();],,[NewLine();]
"#""anything unrelated!""",,"#""ไม่เกี่ยวข้องมา!"""
[Op_2D();],,[Op_2D();]
,,
[Meekins],,[Meekins]
"#""Sir! """,,"#""ครับท่าน! """
[Wait(20);],,[Wait(20);]
"#""But,""",,"#""แต่"""
[Wait(15);],,[Wait(15);]
"#"" """,,"#"" """
"#""but sir!""",,"#""เดี๋ยวก่อนครับท่าน!"""
[ReadKey();],,[ReadKey();]
"#""I'm just following orders,""",,"#""ผมแค่ทำตามคำสั่ง"""
[NewLine();],,[NewLine();]
"#""sir!""",,"#""ครับท่าน!"""
[Wait(20);],,[Wait(20);]
"#"" They told me to bring""",,"#"" เขาบอกให้"""
[NewLine();],,[NewLine();]
"#""this to you!""",,"#""เอามาให้คุณ!"""
[ReadKey();],,[ReadKey();]
"#""I wasn't aware of the""",,"#""ผมไม่ทราบถึง"""
[NewLine();],,[NewLine();]
"#""particulars of your""",,"#""ข้อตกลงของท่าน"""
[NewLine();],,[NewLine();]
"#""arrangement with us, sir!""",,"#""กับทางเราเลยครับท่าน!"""
[ClearText();],,[ClearText();]
,,
[Miles Edgeworth],,[Miles Edgeworth]
"#""Give """,,"#""บอก"""
"#""me """,,"#""ชื่อ"""
"#""your """,,"#""ของนาย"""
"#""name!""",,"#""มา!"""
[Op_2D();],,[Op_2D();]
,,
[Error: Missing Speaker Definition],,[Error: Missing Speaker Definition]
"#""U-""",,"#""อ-"""
[Wait(8);],,[Wait(8);]
"#""uh, yes...""",,"#""เอ่อ ได้..."""
[Wait(20);],,[Wait(20);]
"#"" yes,""",,"#"" ได้"""
"#"" Sir!""",,"#""ครับท่าน!"""
[NewLine();],,[NewLine();]
"#""M-""",Nawin,"#""ม-"""
[Wait(8);],,[Wait(8);]
"#""M-""",Nawin,"#""ม-"""
[Wait(8);],,[Wait(8);]
"#""Meekins, sir.""",,"#""<มีกิ้นส์>ครับท่าน"""
[Wait(20);],,[Wait(20);]
"#"" """,,"#"" """
[NewLine();],,[NewLine();]
"#""Officer Meekins!""",,"#""จ่าสิบ<มีกิ้นส์>!"""
[Op_2D();],,[Op_2D();]
,,
[Miles Edgeworth],,[Miles Edgeworth]
"#""Right.""",,"#""เอาล่ะ"""
[Wait(20);],,[Wait(20);]
"#"" Officer Meekins?""",,"#"" จ่าสิบ<มีกิ้นส์>?"""
[NewLine();],,[NewLine();]
"#""Take your report and leave.""",,"#""เอาตัวเองกับรายงานกลับไป"""
[ReadKey();],,[ReadKey();]
"#""And good luck with that""",,"#""แล้วก็ขอให้โชคดีกับ"""
[NewLine();],,[NewLine();]
"#""raise next month.""",,"#""เงินเดือนงวดหน้าด้วย"""
[Op_2D();],,[Op_2D();]
,,
[Error: Missing Speaker Definition],,[Error: Missing Speaker Definition]
"#""*whimper*""",,"#""*กระซิก*"""
[Wait(65);],,[Wait(65);]
[NewLine();],,[NewLine();]
"#""B-""",,"#""ต-"""
[Wait(8);],,[Wait(8);]
"#""but, """,,"#""แต่"""
[Wait(8);],,[Wait(8);]
"#""sir,""",,"#""ท่านครับ"""
[Wait(8);],,[Wait(8);]
"#"" I d-""",,"#"" ผ-"""
[Wait(8);],,[Wait(8);]
"#""didn't know!""",,"#""ผมไม่รู้จริงๆ!"""
[Op_2D();],,[Op_2D();]
,,
[Phoenix Wright],,[Phoenix Wright]
[SetTextColor(Blue);],,[SetTextColor(Blue);]
"#""(Poor guy.""",,"#""(น่าสงสาร"""
[Wait(20);],,[Wait(20);]
"#"" Looks like he was""",,"#"" ดูเหมือนว่าเขาจะ"""
[NewLine();],,[NewLine();]
"#""absent on the day they gave""",,"#""ไม่ได้มาในวันที่แจก"""
[NewLine();],,[NewLine();]
"#""out brains and good luck.)""",,"#""สมองกับโชคนะ)"""
[SetTextColor(White);],,[SetTextColor(White);]
[Op_2D();],,[Op_2D();]
,,
[Miles Edgeworth],,[Miles Edgeworth]
"#""Wright.""",,"#""<ไรท์>"""
[Op_2D();],,[Op_2D();]
,,
[Phoenix Wright],,[Phoenix Wright]
"#""Y-""",,"#""ค-"""
[Wait(8);],,[Wait(8);]
"#""yes, sir!?""",,"#""ครับท่าน!?"""
[Wait(20);],,[Wait(20);]
[NewLine();],,[NewLine();]
[SetTextColor(Blue);],,[SetTextColor(Blue);]
"#""(Gah! He caught me off guard!)""",,"#""(ย้าก! ทำเอาตกใจหมดเลย!)"""
[SetTextColor(White);],,[SetTextColor(White);]
[ReadKey();],,[ReadKey();]
,,
[Miles Edgeworth],,[Miles Edgeworth]
"#""As you can see, I'm busy.""",,"#""อย่างที่เห็นว่าฉันยุ่งอยู่"""
[ReadKey();],,[ReadKey();]
"#""You may leave now.""",,"#""นายไปได้แล้ว"""
[Op_2D();],,[Op_2D();]
,,
[Ema],,[Ema]
"#""L-""",,"#""ท-"""
[Wait(8);],,[Wait(8);]
"#""let's do what he says,""",,"#""ทำตามที่เขาพูดดีกว่านะ"""
[NewLine();],,[NewLine();]
"#""Mr. Wright!""",,"#""คุณ<ไรท์>!"""
[Op_2D();],,[Op_2D();]
,,
[Miles Edgeworth],,[Miles Edgeworth]
"#""The victim was a detective""",,"#""ผู้ตายเป็นตำรวจสายสืบ"""
[NewLine();],,[NewLine();]
"#""from the same department as""",,"#""จากหน่วยเดียวกันกับ"""
[NewLine();],,[NewLine();]
"#""that patrolman just now.""",,"#""จ่าคนเมื่อกี้"""
[ReadKey();],,[ReadKey();]
"#""Go down to the Police""",,"#""ไปที่กรมตำรวจแล้ว"""
[NewLine();],,[NewLine();]
"#""Department.""",,"#""ลองไปถามที่นั่นดู"""
[NewLine();],,[NewLine();]
"#""You can ask more there.""",,"#"""""
[Op_2D();],,[Op_2D();]
,,
[Phoenix Wright],,[Phoenix Wright]
"#""U-""",,"#""อ-"""
[Wait(8);],,[Wait(8);]
"#""uh...""",,"#""เอ่อ..."""
[Wait(20);],,[Wait(20);]
"#"" Thanks.""",,"#"" ขอบใจ"""
[Wait(20);],,[Wait(20);]
[NewLine();],,[NewLine();]
[SetTextColor(Blue);],,[SetTextColor(Blue);]
"#""(He seems to have finally """,,"#""(ดูเหมือนว่าเขาจะ"""
[NewLine();],,[NewLine();]
"#""calmed down at least.)""",,"#""ใจเย็นลงแล้วนะ)"""
[SetTextColor(White);],,[SetTextColor(White);]
[ReadKey();],,[ReadKey();]
[Op_15();],,[Op_15();]
,,
[Phoenix Wright],,[Phoenix Wright]
"#""So, the body was found""",,"#""งั้นศพก็ถูกพบในรถ"""
[NewLine();],,[NewLine();]
"#""in your car?""",,"#""ของนายเหรอ?"""
[ReadKey();],,[ReadKey();]
,,
[Miles Edgeworth],,[Miles Edgeworth]
"#""Go ahead, """,,"#""เอาสิ"""
"#""say it, Wright.""",,"#"" พูดออกมา <ไรท์>"""
[ReadKey();],,[ReadKey();]
"#""You think I did it,""",,"#""นายคิดว่าฉันทำล่ะสิท่า?"""
[NewLine();],,[NewLine();]
"#""don't you?""",,"#"""""
[ReadKey();],,[ReadKey();]
"#""After you went through all""",,"#""อุตส่าห์ลำบาก"""
[NewLine();],,[NewLine();]
"#""that trouble to help me""",,"#""มาช่วยฉัน"""
[NewLine();],,[NewLine();]
"#""last year, no less.""",,"#""เมื่อปีก่อนแท้ๆ"""
[Op_2D();],,[Op_2D();]
,,
[Ema],,[Ema]
"#""N-""",,"#""ม-"""
[Wait(8);],,[Wait(8);]
"#""no, we don't think""",,"#""ไม่ค่ะ พวกเราไม่ได้"""
[NewLine();],,[NewLine();]
"#""you did it!""",,"#""คิดว่าคุณเป็นคนทำ!"""
[ReadKey();],,[ReadKey();]
"#""I mean, it was """,,"#""แบบว่า """
"#""my sister""",,"#""พี่สาวหนู"""
[NewLine();],,[NewLine();]
"#""who stabbed him...""",,"#""เป็นคนแทงเขา..."""
[ReadKey();],,[ReadKey();]
"#""Uh,""",,"#""เอ่อ"""
[Wait(15);],,[Wait(15);]
"#"" wait,""",,"#"" เดี๋ยว"""
[Wait(15);],,[Wait(15);]
"#"" no,""",,"#"" ไม่"""
[Wait(10);],,[Wait(10);]
"#"" she didn't""",,"#"" เธอไม่ได้ทำ!"""
[NewLine();],,[NewLine();]
"#""do that!""",,"#"""""
[Wait(20);],,[Wait(20);]
"#"" I mean...""",,"#""แบบ..."""
[Op_2D();],,[Op_2D();]
,,
[Miles Edgeworth],,[Miles Edgeworth]
"#""Wait...""",,"#""เดี๋ยว..."""
[ReadKey();],,[ReadKey();]
"#""So you're the Chief""",,"#""งั้นเธอก็เป็น"""
[NewLine();],,[NewLine();]
"#""Prosecutor's little""",,"#""น้องสาวของ"""
[NewLine();],,[NewLine();]
"#""sister, then?""",,"#""อัยการสูงสุดสินะ?"""
[Op_2D();],,[Op_2D();]
,,
[Ema],,[Ema]
"#""Y-""",,"#""ช-"""
[Wait(8);],,[Wait(8);]
"#""yes, sir!""",,"#""ใช่ค่ะ!"""
[Wait(20);],,[Wait(20);]
"#"" Ema Skye!""",,"#"" <เอม่า สกาย>!"""
[NewLine();],,[NewLine();]
"#""It, uh...""",,"#""ยิน เอ่อ..."""
[ReadKey();],,[ReadKey();]
"#""It's nice to meet you again!""",,"#""ยินดีที่ได้พบกันอีกครั้งค่ะ!"""
[Op_2D();],,[Op_2D();]
,,
[Phoenix Wright],,[Phoenix Wright]
[SetTextColor(Blue);],,[SetTextColor(Blue);]
"#""(Now that didn't sound""",,"#""(เป็นธรรมชาติ"""
[NewLine();],,[NewLine();]
"#""forced at all...)""",,"#""จริงๆ เลย...)"""
[SetTextColor(White);],,[SetTextColor(White);]
[Op_2D();],,[Op_2D();]
,,
[Miles Edgeworth],,[Miles Edgeworth]
"#""Ah, now I remember.""",,"#""อ้า ตอนนี้จำได้ละ"""
[Wait(20);],,[Wait(20);]
[NewLine();],,[NewLine();]
"#""You've...""",,"#""เธอ..."""
[Wait(20);],,[Wait(20);]
"#"" really grown.""",,"#"" โตขึ้นเยอะนะ"""
[Op_2D();],,[Op_2D();]
,,
[Miles Edgeworth],,[Miles Edgeworth]
"#""I'll admit, it was a surprise""",,"#""ยอมรับเลยว่าฉันก็"""
[NewLine();],,[NewLine();]
"#""for me, too.""",,"#""ประหลาดใจเหมือนกัน"""
[ReadKey();],,[ReadKey();]
"#""To think that my own car""",,"#""ที่รถฉันกลายเป็น"""
[NewLine();],,[NewLine();]
"#""would become the scene""",,"#""สถานที่เกิดเหตุ"""
[NewLine();],,[NewLine();]
"#""of a murder.""",,"#""ซะอย่างงั้น"""
[Op_2D();],,[Op_2D();]
,,
[Miles Edgeworth],,[Miles Edgeworth]
"#""More surprising still...""",,"#""แต่ที่น่าแปลกใจกว่าคือ..."""
[ReadKey();],,[ReadKey();]
"#""I'm being forced to prove""",,"#""ฉันถูกบังคับให้พิสูจน์"""
[NewLine();],,[NewLine();]
"#""my superior's guilt.""",,"#""ความผิดของหัวหน้าฉัน"""
[Op_2D();],,[Op_2D();]
,,
[Phoenix Wright],,[Phoenix Wright]
"#""I can understand...""",,"#""เก็ตเลย..."""
[Wait(40);],,[Wait(40);]
[NewLine();],,[NewLine();]
"#""W-""",,"#""ด-"""
[Wait(8);],,[Wait(8);]
"#""wa""",,"#""เดี๋ยว"""
"#""it! ...""",,"#""นะ! ..."""
[Wait(20);],,[Wait(20);]
"#""What did you say!?""",,"#""พูดอะไรนะเมื่อกี้!?"""
[ReadKey();],,[ReadKey();]
,,
[Miles Edgeworth],,[Miles Edgeworth]
"#""Lana Skye is the Chief""",,"#""<ลาน่า สกาย>เป็น"""
[NewLine();],,[NewLine();]
"#""Prosecutor...""",,"#""อัยการสูงสุด..."""
[Wait(15);],,[Wait(15);]
"#"" the top """,,"#"" ซึ่งคือ"""
[NewLine();],,[NewLine();]
"#""prosecutor in the district.""",,"#""ตำแหน่งสูงสุดของอัยการเขตนี้"""
[ReadKey();],,[ReadKey();]
"#""She can't prosecute herself,""",,"#""เธอว่าความให้ตัวเองไม่ได้"""
[NewLine();],,[NewLine();]
"#""so I'll be the prosecutor at""",,"#""ฉันเลยต้องไปเป็นอัยการ"""
[NewLine();],,[NewLine();]
"#""the trial tomorrow.""",,"#""ในศาลพรุ่งนี้"""
[Op_2D();],,[Op_2D();]
,,
[Ema],,[Ema]
"#""You!?""",,"#""คุณเหรอ!?"""
[NewLine();],,[NewLine();]
"#""Mr. Edgeworth...""",,"#""คุณ<เอ็จเวิร์ธ>..."""
[Op_2D();],,[Op_2D();]
[Op_15();],,[Op_15();]
,,
[Miles Edgeworth],,[Miles Edgeworth]
"#""To be honest...""",,"#""พูดตามตรงเลยนะ..."""
[ReadKey();],,[ReadKey();]
"#""It's a bit of a miracle""",,"#""มันเป็นปาฏิหารย์"""
[NewLine();],,[NewLine();]
"#""I'm still here at all.""",,"#""ที่ฉันยังอยู่ที่นี่"""
[Op_2D();],,[Op_2D();]
,,
[Phoenix Wright],,[Phoenix Wright]
"#""What do you mean?""",,"#""หมายความว่ายังไง?"""
[ReadKey();],,[ReadKey();]
,,
[Miles Edgeworth],,[Miles Edgeworth]
"#""Rumors.""",,"#""ข่าวลือ"""
[ReadKey();],,[ReadKey();]
"#""You've heard the rumors""",,"#""นายก็น่าจะได้ยินข่าวลือ"""
[NewLine();],,[NewLine();]
"#""about me, haven't you?""",,"#""เกี่ยวกับฉันมาบ้าง"""
[Op_2D();],,[Op_2D();]
,,
[Phoenix Wright],,[Phoenix Wright]
[SetTextColor(Blue);],,[SetTextColor(Blue);]
"#""(Miles Edgeworth...)""",,"#""(<ไมล์ เอ็จเวิร์ธ>...)"""
[ReadKey();],,[ReadKey();]
"#""(It's hard to remember a time""",,"#""(จินตนาการไม่ออกเลย"""
[NewLine();],,[NewLine();]
"#""when there WEREN'T rumors""",,"#""ว่าตอนไหนที่ชายคนนี้"""
[NewLine();],,[NewLine();]
"#""about this guy...)""",,"#""ไม่มีข่าวลือ...)"""
[Op_2D();],,[Op_2D();]
"#""(Forging evidence, arranging""",,"#""(ปลอมแปลงหลักฐาน"""
[NewLine();],,[NewLine();]
"#""false testimony, illegal""",,"#""คำเบิกความเท็จ เข้าค้นโดย"""
[NewLine();],,[NewLine();]
"#""searches, you name it...)""",,"#""ไม่ได้รับอนุญาต ก็ว่ากันไป...)"""
[SetTextColor(White);],,[SetTextColor(White);]
[Op_2D();],,[Op_2D();]
,,
[Miles Edgeworth],,[Miles Edgeworth]
"#""Thanks to you, my innocence""",,"#""ขอบคุณนายที่ฉันได้คำตัดสิน"""
[NewLine();],,[NewLine();]
"#""was established in the trial""",,"#""ว่าบริสุทธ์ในศาล"""
[NewLine();],,[NewLine();]
"#""at the end of last year.""",,"#""เมื่อปีก่อน"""
[Op_2D();],,[Op_2D();]
"#""However, there are some who""",,"#""ยังไงก็ตาม ก็ยังมีบางคน"""
[NewLine();],,[NewLine();]
"#""say I'm the one responsible""",,"#""กล่าวหาว่าฉันมีส่วนเกี่ยวข้อง"""
[NewLine();],,[NewLine();]
"#""for the current incident.""",,"#""กับเหตุการณ์ในตอนนี้"""
[Op_2D();],,[Op_2D();]
,,
[Phoenix Wright],,[Phoenix Wright]
"#""Wh-""",,"#""อ-"""
[Wait(8);],,[Wait(8);]
"#""what?""",,"#""อะไรกัน?"""
[Wait(20);],,[Wait(20);]
"#"" That's crazy!""",,"#"" บ้าบอ!"""
[Op_2D();],,[Op_2D();]
,,
[Miles Edgeworth],,[Miles Edgeworth]
"#""Hmph. """,,"#""ฮื่ม"""
[ReadKey();],,[ReadKey();]
"#""Some people need very little""",,"#""บางคนก็ไม่ต้องการเหตุผล"""
[NewLine();],,[NewLine();]
"#""excuse to think ill of others.""",,"#""ในการว่าร้ายคนอื่น"""
[ReadKey();],,[ReadKey();]
"#""It's a fact of life.""",,"#""ชีวิตก็อย่างงี้แหละ"""
[Wait(20);],,[Wait(20);]
[NewLine();],,[NewLine();]
"#""Impossible to stop.""",,"#""หยุดไม่ได้หรอก"""
[Op_2D();],,[Op_2D();]
,,
[Ema],,[Ema]
"#""But...""",,"#""แต่..."""
[Op_2D();],,[Op_2D();]
,,
[Miles Edgeworth],,[Miles Edgeworth]
"#""Some of them even go so far""",,"#""หนึ่งในนั้นก็ทำขนาดที่"""
[NewLine();],,[NewLine();]
"#""as to present me with toys""",,"#""เอาของเล่นแบบนี้"""
[NewLine();],,[NewLine();]
"#""like this...""",,"#""มาให้..."""
[ReadKey();],,[ReadKey();]
"#""They think it's funny.""",,"#""คงคิดว่าตลกดีล่ะมั้ง"""
[Op_2D();],,[Op_2D();]
,,
[Phoenix Wright],,[Phoenix Wright]
[SetTextColor(Blue);],,[SetTextColor(Blue);]
"#""(Toys?""",,"#""(ของเล่น?"""
[Wait(20);],,[Wait(20);]
"#"" That """,,"#"" """
[SetTextColor(Red);],,[SetTextColor(Red);]
"#""bronze shield""",,"#""โล่ทองแดง"""
[SetTextColor(Blue);],,[SetTextColor(Blue);]
"#""?""",,"#"" นั่นน่ะนะ?"""
[Wait(20);],,[Wait(20);]
[NewLine();],,[NewLine();]
"#""There's got to be a story""",,"#""ต้องมีเบื้องหลัง"""
[NewLine();],,[NewLine();]
"#""behind that one...)""",,"#""อะไรซักอย่างแน่...)"""
[SetTextColor(White);],,[SetTextColor(White);]
[ReadKey();],,[ReadKey();]
[Op_15();],,[Op_15();]
,,
[Miles Edgeworth],,[Miles Edgeworth]
"#""Chief Prosecutor Skye?""",,"#""อัยการสูงสุด<สกาย>?"""
[NewLine();],,[NewLine();]
"#""Yes... """,,"#""ใช่... """
"#""We first worked together""",,"#""เราเคยทำงานด้วยกัน"""
[NewLine();],,[NewLine();]
"#""on a case two years ago.""",,"#""ตอนทำคดีสองปีก่อน"""
[ReadKey();],,[ReadKey();]
"#""It was my first big case.""",,"#""เป็นคดีใหญ่คดีแรกของฉัน"""
[Op_2D();],,[Op_2D();]
,,
[Ema],,[Ema]
"#""That's right, I remember.""",,"#""ใช่ หนูจำได้"""
[Op_2D();],,[Op_2D();]
,,
[Phoenix Wright],,[Phoenix Wright]
[SetTextColor(Blue);],,[SetTextColor(Blue);]
"#""(Two years ago...""",,"#""(สองปีก่อน..."""
[Wait(20);],,[Wait(20);]
"#"" I wasn't""",,"#"""""
[NewLine();],,[NewLine();]
"#""even a lawyer yet.)""",,"#""ฉันยังไม่ได้เป็นทนายด้วยซ้ำ)"""
[SetTextColor(White);],,[SetTextColor(White);]
[ReadKey();],,[ReadKey();]
,,
[Miles Edgeworth],,[Miles Edgeworth]
"#""Since then, I always felt that""",,"#""ตั้งแต่ตอนนั้น ฉันก็รู้สึกว่า"""
[NewLine();],,[NewLine();]
"#""she was looking out for me...""",,"#""เธอเป็นห่วงเป็นใยฉัน..."""
[ReadKey();],,[ReadKey();]
"#""It appears I was mistaken.""",,"#""แต่ดูเหมือนว่าฉันคิดผิด"""
[Op_2D();],,[Op_2D();]
,,
[Ema],,[Ema]
"#""M-""",,"#""ค-"""
[Wait(8);],,[Wait(8);]
"#""mistaken!?""",,"#""คิดผิดเหรอ!?"""
[Wait(20);],,[Wait(20);]
[NewLine();],,[NewLine();]
"#""Why?""",,"#""ทำไมล่ะ?"""
[ReadKey();],,[ReadKey();]
"#""I mean, I know she's not""",,"#""ก็แบบ หนูก็รู้ว่าเธอไม่ใช่"""
[NewLine();],,[NewLine();]
"#""the warmest person...""",,"#""คนที่อบอุ่นขนาดนั้น..."""
[ReadKey();],,[ReadKey();]
"#""But I'm sure she felt some""",,"#""แต่หนูเชื่อนะว่าเธอ"""
[NewLine();],,[NewLine();]
"#""responsibility for you!""",,"#""เอาใจใส่คุณนะ!"""
[Op_2D();],,[Op_2D();]
,,
[Miles Edgeworth],,[Miles Edgeworth]
"#""Then...""",,"#""ถ้าอย่างงั้น..."""
[Wait(20);],,[Wait(20);]
"#"" """,,"#"" """
"#""why?""",,"#""ทำไม?"""
[ReadKey();],,[ReadKey();]
"#""Why did she stab someone""",,"#""ทำไมเธอถึงมาแทงคน"""
[NewLine();],,[NewLine();]
"#""in the trunk of my car?""",,"#""ที่ท้ายรถฉัน?"""
[ReadKey();],,[ReadKey();]
"#""Not only that...""",,"#""มากไปกว่านั้น..."""
[NewLine();],,[NewLine();]
"#""She stabbed him with my knife.""",,"#""เธอยังใช้มีดของฉันแทงอีกต่างหาก"""
[Op_2D();],,[Op_2D();]
,,
[Ema],,[Ema]
"#""Wha...""",,"#""อ..."""
[Wait(20);],,[Wait(20);]
"#"" """,,"#"" """
"#""Whaaaaaat!?""",,"#""อะไรน๊าาาาาาาา!?"""
[NewLine();],,[NewLine();]
"#""Mr. Edgeworth!""",,"#""คุณ<เอ็จเวิร์ธ>!"""
[Wait(20);],,[Wait(20);]
"#"" Your knife""",,"#"" มีดของคุณ"""
[NewLine();],,[NewLine();]
"#""was the murder weapon!?""",,"#""เป็นอาวุธฆาตกรรมเหรอ!?"""
[Op_2D();],,[Op_2D();]
,,
[Miles Edgeworth],,[Miles Edgeworth]
"#""To be specific, it was the """,,"#""ถ้าจะให้เจาะจง มันคือ"""
[NewLine();],,[NewLine();]
"#""knife I keep in the toolbox""",,"#""มีดที่ฉันเก็บไว้ในกล่องเครื่องมือ"""
[NewLine();],,[NewLine();]
"#""in the trunk of my car.""",,"#""ในท้ายรถของฉัน"""
[Op_2D();],,[Op_2D();]
,,
[Clear Speaker],,[Clear Speaker]
[SetTextColor(Blue);],,[SetTextColor(Blue);]
"#""Edgeworth's Knife added""",,"#""มีดของ<เอ็จเวิร์ธ> ถูกเพิ่ม"""
[NewLine();],,[NewLine();]
"#""to the Court Record.""",,"#""เข้าไปในบันทึกคดี"""
[Op_2D();],,[Op_2D();]
[SetTextColor(White);],,[SetTextColor(White);]
,,
[Phoenix Wright],,[Phoenix Wright]
"#""Um...""",,"#""เอิ่ม..."""
[Wait(20);],,[Wait(20);]
"#"" Edgeworth?""",,"#"" <เอ็จเวิร์ธ>?"""
[ReadKey();],,[ReadKey();]
,,
[Miles Edgeworth],,[Miles Edgeworth]
"#""What?""",,"#""อะไร?"""
[Op_2D();],,[Op_2D();]
,,
[Phoenix Wright],,[Phoenix Wright]
"#""Are you sure you didn't do it?""",,"#""แน่ใจนะว่านายไม่ได้เป็นคนทำน่ะ?"""
[Wait(20);],,[Wait(20);]
[ReadKey();],,[ReadKey();]
,,
[Miles Edgeworth],,[Miles Edgeworth]
"#""...""",,"#""..."""
[Op_2D();],,[Op_2D();]
,,
[Phoenix Wright],,[Phoenix Wright]
[SetTextColor(Blue);],,[SetTextColor(Blue);]
"#""(C'mon, can't he take a joke?)""",,"#""(เอาน่า หยอกหน่อยๆ ไม่ได้หรือไง?)"""
[SetTextColor(White);],,[SetTextColor(White);]
[ReadKey();],,[ReadKey();]
,,
[Ema],,[Ema]
"#""You have a strange sense""",,"#""เซ้นส์ตลกของคุณมัน"""
[NewLine();],,[NewLine();]
"#""of humor, Mr. Wright!""",,"#""แปลกดีนะ คุณ<ไรท์>!"""
[Op_2D();],,[Op_2D();]
[Op_15();],,[Op_15();]
,,
[Phoenix Wright],,[Phoenix Wright]
"#""Could you tell me more about""",,"#""บอกฉันหน่อยได้ไหม"""
[NewLine();],,[NewLine();]
"#""yesterday...""",,"#""เกี่ยวกับเรื่องเมื่อวาน..."""
[Wait(20);],,[Wait(20);]
"#"" the day of the""",,"#"" วันที่เกิดการ"""
[NewLine();],,[NewLine();]
"#""murder?""",,"#""ฆาตกรรมน่ะ?"""
[ReadKey();],,[ReadKey();]
,,
[Miles Edgeworth],,[Miles Edgeworth]
"#""Yesterday was the annual""",,"#""เมื่อวานเป็นวัน"""
[NewLine();],,[NewLine();]
"#""cleaning day at the""",,"#""ทำความสะอาดประจำปี"""
[NewLine();],,[NewLine();]
"#""Prosecutor's Office.""",,"#""ของสำนักงานอัยการน่ะ"""
[Op_2D();],,[Op_2D();]
,,
[Ema],,[Ema]
"#""Cleaning day?""",,"#""ทำความสะอาดเหรอ?"""
[Op_2D();],,[Op_2D();]
,,
[Miles Edgeworth],,[Miles Edgeworth]
"#""Working with the Police""",,"#""พวกเรากับกรมตำรวจ"""
[NewLine();],,[NewLine();]
"#""Department, we sort and file""",,"#""จัดและจำแนกเอกสาร"""
[NewLine();],,[NewLine();]
"#""all evidence for solved cases.""",,"#""ของคดีที่ปิดไปแล้ว"""
[ReadKey();],,[ReadKey();]
"#""We call it """"",,"#""พวกเราเรียกมันว่า"""
[SetTextColor(Red);],,[SetTextColor(Red);]
"#""evidence """,,"#""การโยกย้ายหลักฐาน"""
[NewLine();],,[NewLine();]
"#""transferal""",,"#"""""
[SetTextColor(White);],,[SetTextColor(White);]
"#"".""""",,"#"""""
[Op_2D();],,[Op_2D();]
,,
[Ema],,[Ema]
"#""Wiping your hands of old""",,"#""เป็นช่วงฮาวทูทิ้งของ"""
[NewLine();],,[NewLine();]
"#""cases, in other words.""",,"#""พวกคุณสินะ"""
[Op_2D();],,[Op_2D();]
,,
[Miles Edgeworth],,[Miles Edgeworth]
"#""Oh, and another thing...""",,"#""อ๋อ แล้วก็อีกอย่างนึง..."""
[NewLine();],,[NewLine();]
"#""A ceremony was held at""",,"#""มันมีงานมอบรางวัล"""
[NewLine();],,[NewLine();]
"#""the Police Department.""",,"#""ที่กรมตำรวจ"""
[ReadKey();],,[ReadKey();]
"#""There's an annual review and""",,"#""มีการประเมินประจำปี"""
[NewLine();],,[NewLine();]
"#""awards for outstanding police""",,"#""แล้วก็พิธีมอบรางวัลให้กับตำรวจและ"""
[NewLine();],,[NewLine();]
"#""officers and prosecutors.""",,"#""อัยการที่ปฏิบัติหน้าที่ได้ดีด้วย"""
[Op_2D();],,[Op_2D();]
,,
[Phoenix Wright],,[Phoenix Wright]
"#""And that's when you got""",,"#""และนั่นก็คือตอนที่นาย"""
[NewLine();],,[NewLine();]
[Wait(30);],,[Wait(30);]
"#""the shield?""",,"#""ได้โล่นั่นมาสินะ?"""
[Op_2D();],,[Op_2D();]
,,
[Miles Edgeworth],,[Miles Edgeworth]
"#""I was at the police department""",,"#""ฉันอยู่ที่กรมตำรวจ"""
[NewLine();],,[NewLine();]
"#""yesterday afternoon...""",,"#""เมื่อวานนี้ตอนบ่าย..."""
[Wait(20);],,[Wait(20);]
"#"" I got""",,"#"" ฉันกลับมาที่นี่"""
[NewLine();],,[NewLine();]
"#""back here at """,,"#""เมื่อตอน """
[SetTextColor(Red);],,[SetTextColor(Red);]
"#""5:12""",,"#""17:12 น."""
[SetTextColor(White);],,[SetTextColor(White);]
"#"".""",,"#"""""
[Op_2D();],,[Op_2D();]
,,
[Phoenix Wright],,[Phoenix Wright]
"#""That's...""",,"#""จำได้..."""
[Wait(20);],,[Wait(20);]
"#"" very precise.""",,"#"" แม่นขนาดนั้นเชียว"""
[Op_2D();],,[Op_2D();]
,,
[Ema],,[Ema]
"#""People like myself and """,,"#""คนอย่างหนูกับ"""
[NewLine();],,[NewLine();]
"#""Mr. Edgeworth pride ourselves""",,"#""คุณ<เอ็จเวิร์ธ>น่ะเด่นเรื่อง"""
[NewLine();],,[NewLine();]
"#""on our precision, Mr. Wright.""",,"#""ความแม่นยำอยู่แล้วนะ คุณ<ไรท์>"""
[Op_2D();],,[Op_2D();]
,,
[Miles Edgeworth],,[Miles Edgeworth]
"#""No, I place little faith""",,"#""ไม่ ฉันไม่ได้ศรัทธาใน"""
[NewLine();],,[NewLine();]
"#""in my memory.""",,"#""ความทรงจำของฉัน"""
[ReadKey();],,[ReadKey();]
"#""The only thing I trust is""",,"#""สิ่งเดียวที่ฉันเชื่อคือหลักฐาน"""
[NewLine();],,[NewLine();]
"#""solid evidence.""",,"#"""""
[Op_2D();],,[Op_2D();]
,,
[Clear Speaker],,[Clear Speaker]
[SetTextColor(Blue);],,[SetTextColor(Blue);]
"#""Edgeworth's Parking Stub""",,"#""บัตรจอดรถของ<เอ็จเวิร์ธ>"""
[NewLine();],,[NewLine();]
"#""added to the Court Record.""",,"#""ถูกเพิ่มเข้าไปในบันทึกคดี"""
[Op_2D();],,[Op_2D();]
[SetTextColor(White);],,[SetTextColor(White);]
,,
[Miles Edgeworth],,[Miles Edgeworth]
"#""This is the parking stub""",,"#""นี่คือบัตรจอดรถจาก"""
[NewLine();],,[NewLine();]
"#""from the underground lot.""",,"#""ลานจอดรถใต้ดิน"""
[Op_2D();],,[Op_2D();]
,,
[Phoenix Wright],,[Phoenix Wright]
[SetTextColor(Blue);],,[SetTextColor(Blue);]
"#""(The murder took place around""",,"#""(การฆาตกรรมเกิดขึ้นประมาณ"""
[NewLine();],,[NewLine();]
[SetTextColor(Red);],,[SetTextColor(Red);]
"#""5:15""",,"#""17:15 น."""
[SetTextColor(Blue);],,[SetTextColor(Blue);]
"#""...)""",,"#"" ...)"""
[SetTextColor(White);],,[SetTextColor(White);]
[Op_2D();],,[Op_2D();]
,,
[Ema],,[Ema]
"#""So the murder happened right""",,"#""แปลว่าการฆาตกรรมเกิดขึ้น"""
[NewLine();],,[NewLine();]
"#""after you got back.""",,"#""หลังจากที่คุณกลับมา"""
[Op_2D();],,[Op_2D();]
,,
[Miles Edgeworth],,[Miles Edgeworth]
"#""What, Wright?""",,"#""อะไร <ไรท์>?"""
[ReadKey();],,[ReadKey();]
"#""I'd appreciate it if you'd""",,"#""จะดีมากถ้านาย"""
[NewLine();],,[NewLine();]
"#""direct that suspicious glare""",,"#""หยุดมองฉันแบบ"""
[NewLine();],,[NewLine();]
"#""elsewhere.""",,"#""น่าสงสัยน่ะ"""
[Op_2D();],,[Op_2D();]
[Op_15();],,[Op_15();]
,,
[Miles Edgeworth],,[Miles Edgeworth]
"#""I'm busy preparing for""",,"#""ฉันกำลังเตรียมพร้อม"""
[NewLine();],,[NewLine();]
"#""tomorrow.""",,"#""สำหรับวันพรุ่งนี้"""
[ReadKey();],,[ReadKey();]
"#""And I'm not in the mood""",,"#""และฉันก็ไม่มีเวลา"""
[NewLine();],,[NewLine();]
"#""for idle banter.""",,"#""มาคุยเรื่อยเปื่อย"""
[ReadKey();],,[ReadKey();]
"#""Especially not with you.""",,"#""โดยเฉพาะกับนาย"""
[Op_2D();],,[Op_2D();]
,,
[Ema],,[Ema]
"#""L-""",,"#""ป-"""
[Wait(8);],,[Wait(8);]
"#""let's go, Mr. Wright!""",,"#""ไปกันเถอะ คุณ<ไรท์>!"""
[Op_2D();],,[Op_2D();]
,,
[Phoenix Wright],,[Phoenix Wright]
[SetTextColor(Blue);],,[SetTextColor(Blue);]
"#""(Fine.""",,"#""(ก็ได้"""
[Wait(20);],,[Wait(20);]
"#"" I'll just have to talk""",,"#"" เดี๋ยวจะกลับมาคุยใหม่"""
[NewLine();],,[NewLine();]
"#""to him when he perks up.)""",,"#""ตอนที่เขาอารมณ์ดีขึ้นละกัน)"""
[SetTextColor(White);],,[SetTextColor(White);]
[Op_2D();],,[Op_2D();]
[Op_15();],,[Op_15();]
,,
[Phoenix Wright],,[Phoenix Wright]
"#""I've been wondering...""",,"#""สงสัยจริงๆ..."""
[Wait(20);],,[Wait(20);]
[NewLine();],,[NewLine();]
"#""what the heck is this?""",,"#""ว่าไอ้นี่มันคืออะไร?"""
[ReadKey();],,[ReadKey();]
,,
[Ema],,[Ema]
"#""It has a big """"",,"#""มันมีตัว """""
[SetTextColor(Red);],,[SetTextColor(Red);]
"#""K""",,"#""K"""
[SetTextColor(White);],,[SetTextColor(White);]
"#"""" on it.""",,"#"""" ตัวใหญ่ๆ อยู่ด้วย"""
[Op_2D();],,[Op_2D();]
,,
[Miles Edgeworth],,[Miles Edgeworth]
"#""*mumbles* of Prosecutors...""",,"#""*พึมพำ* แห่งอัยการ..."""
[Op_2D();],,[Op_2D();]
,,
[Phoenix Wright],,[Phoenix Wright]
"#""Huh?""",,"#""ห๊ะ?"""
[Wait(20);],,[Wait(20);]
"#"" What's that?""",,"#"" อะไรนะ?"""
[ReadKey();],,[ReadKey();]
,,
[Miles Edgeworth],,[Miles Edgeworth]
"#""It's the ""King of Prosecutors""""",,"#""มันคือถ้วยรางวัล"""
[NewLine();],,[NewLine();]
"#""trophy.""",,"#""""ราชาแห่งอัยการ"""""
[Op_2D();],,[Op_2D();]
,,
[Ema],,[Ema]
"#""K-""",,"#""ร-"""
[Wait(8);],,[Wait(8);]
"#""K-""",,"#""ร-"""
[Wait(8);],,[Wait(8);]
"#""K...""",,"#""ร..."""
[NewLine();],,[NewLine();]
"#""""King of Prosecutors""!?""",,"#""""ราชาแห่งอัยการ""!?"""
[Op_2D();],,[Op_2D();]
,,
[Miles Edgeworth],,[Miles Edgeworth]
"#""It's a great honor.""",,"#""มันเป็นเกียรติมาก"""
[Wait(20);],,[Wait(20);]
"#"" They send""",,"#"" พวกเขาส่ง"""
[NewLine();],,[NewLine();]
"#""that shield to the best""",,"#""โล่นั่นให้กับอัยการ"""
[NewLine();],,[NewLine();]
"#""prosecutor each year.""",,"#""ที่ดีที่สุดในแต่ละปี"""
[ReadKey();],,[ReadKey();]
"#""What!""",,"#""อะไร!"""
[Wait(20);],,[Wait(20);]
"#"" So?""",,"#"" แล้วไง?"""
[Op_2D();],,[Op_2D();]
,,
[Phoenix Wright],,[Phoenix Wright]
"#""So that """"",,"#""แสดงว่า """""
[SetTextColor(Red);],,[SetTextColor(Red);]
"#""K""",,"#""K"""
[SetTextColor(White);],,[SetTextColor(White);]
"#""""...""",,"#""""..."""
[Wait(20);],,[Wait(20);]
"#"" that's...""",,"#"" มาจาก..."""
[Op_2D();],,[Op_2D();]
,,
[Ema],,[Ema]
"#""""""",,"#"""""""
[SetTextColor(Red);],,[SetTextColor(Red);]
"#""K""",,"#""K"""
[SetTextColor(White);],,[SetTextColor(White);]
"#"""" stands for """"",,"#"""" ย่อมาจาก """""
[SetTextColor(Red);],,[SetTextColor(Red);]
"#""King""",,"#""King"""
[SetTextColor(White);],,[SetTextColor(White);]
"#""""?""",,"#"""" เหรอ?"""
[Op_2D();],,[Op_2D();]
,,
[Miles Edgeworth],,[Miles Edgeworth]
"#""Yeah, you got a problem""",,"#""ใช่สิ มีปัญหาอะไร?"""
[NewLine();],,[NewLine();]
"#""with that?""",,"#"""""
[ReadKey();],,[ReadKey();]
"#""I didn't design the thing!""",,"#""ฉันไม่ได้เป็นคนดีไซน์!"""
[Op_2D();],,[Op_2D();]
,,
[Ema],,[Ema]
"#""""King of Prosecutors""...""",,"#""""ราชาแห่งอัยการ""..."""
[Wait(20);],,[Wait(20);]
[NewLine();],,[NewLine();]
"#""Kind of like ""Employee of the""",,"#""เหมือน ""พนักงานดีเด่น"""""
[NewLine();],,[NewLine();]
"#""Month,"" only better!""",,"#""แต่เจ๋งกว่า!"""
[Op_2D();],,[Op_2D();]
,,
[Clear Speaker],,[Clear Speaker]
[SetTextColor(Blue);],,[SetTextColor(Blue);]
"#""King of Prosecutors Trophy""",,"#""ถ้วยรางวัลราชาแห่งอัยการ"""
[NewLine();],,[NewLine();]
"#""added to the Court Record.""",,"#""ถูกเพิ่มเข้าไปในบันทึกคดี"""
[Op_2D();],,[Op_2D();]
[SetTextColor(White);],,[SetTextColor(White);]
[Op_15();],,[Op_15();]
,,
[Ema],,[Ema]
"#""So that's the ""King of""",,"#""งั้นนั่นก็คือโล่"""
[NewLine();],,[NewLine();]
"#""Prosecutors"" shield, huh?""",,"#""""ราชาแห่งอัยการ"" สินะ?"""
[Op_2D();],,[Op_2D();]
,,
[Phoenix Wright],,[Phoenix Wright]
"#""Well done, Edgeworth.""",,"#""เยี่ยมยอด <เอ็จเวิร์ธ>"""
[Wait(20);],,[Wait(20);]
[NewLine();],,[NewLine();]
"#""You must be proud to be""",,"#""ภูมิใจน่าดูเลยที่ได้เป็น"""
[NewLine();],,[NewLine();]
"#""the King of Prosecutors!""",,"#""ราชาแห่งอัยการ!"""
[ReadKey();],,[ReadKey();]
,,
[Ema],,[Ema]
"#""Congratulations!""",,"#""ยินดีด้วยนะคะ!"""
[NewLine();],,[NewLine();]
"#""King! """,,"#""ราชา! """
[Wait(20);],,[Wait(20);]
"#""Of! """,,"#""แห่ง! """
[Wait(20);],,[Wait(20);]
"#""Prosecutors!""",,"#""อัยการ!"""
[Op_2D();],,[Op_2D();]
,,
[Miles Edgeworth],,[Miles Edgeworth]
"#""Please, """,,"#""ได้โปรด"""
"#""stop saying that.""",,"#""หยุดพูดเถอะ"""
[Op_2D();],,[Op_2D();]
,,
[Phoenix Wright],,[Phoenix Wright]
[SetTextColor(Blue);],,[SetTextColor(Blue);]
"#""(That still doesn't explain""",,"#""(แต่นั่นยังไม่ได้อธิบายอยู่"""
[NewLine();],,[NewLine();]
"#""one thing...)""",,"#""เรื่องหนึ่ง...)"""
[Op_2D();],,[Op_2D();]
"#""(Why is the tip of this""",,"#""(ทำไมขอบโล่มันถึง"""
[NewLine();],,[NewLine();]
"#""shield broken off?)""",,"#""พังอย่างงั้น?)"""
[SetTextColor(White);],,[SetTextColor(White);]
[Op_2D();],,[Op_2D();]
[Op_15();],,[Op_15();]
,,
[Phoenix Wright],,[Phoenix Wright]
"#""A work desk.""",,"#""โต๊ะทำงาน"""
[Wait(20);],,[Wait(20);]
"#"" It's quite""",,"#"" มันดูเนี้ยบดี"""
[NewLine();],,[NewLine();]
"#""tidy, as one might expect.""",,"#""เหมือนที่สมควรจะเป็น"""
[ReadKey();],,[ReadKey();]
,,
[Ema],,[Ema]
"#""What a nice desk!""",,"#""โต๊ะดีจัง!"""
[Wait(20);],,[Wait(20);]
"#"" Easy to""",,"#"" ใช้งานง่าย"""
[NewLine();],,[NewLine();]
"#""use, and easy on the eyes!""",,"#""แถมยังสวยใช้ได้!"""
[ReadKey();],,[ReadKey();]
"#""It's polished so well I can""",,"#""ขัดมาดีจนเห็น"""
[NewLine();],,[NewLine();]
"#""see my own reflection.""",,"#""ภาพสะท้อนตัวเองเลย"""
[Op_2D();],,[Op_2D();]
,,
[Phoenix Wright],,[Phoenix Wright]
[SetTextColor(Blue);],,[SetTextColor(Blue);]
"#""(Strange...""",,"#""(แปลกจัง..."""
[Wait(20);],,[Wait(20);]
"#"" """,,"#"" """
"#""Why did I just""",,"#""ทำไมฉันถึง"""
[NewLine();],,[NewLine();]
"#""picture Detective Gumshoe?)""",,"#""นึกถึงผู้หมวด<กัมชู>ล่ะเนี่ย?)"""
[SetTextColor(White);],,[SetTextColor(White);]
[ReadKey();],,[ReadKey();]
,,
[Ema],,[Ema]
"#""Maybe I'll take that name""",,"#""บางทีหนูน่าจะเก็บ"""
[NewLine();],,[NewLine();]
"#""plaque as a souvenir.""",,"#""ป้ายชื่อมาเป็นของที่ระลึก"""
[Op_2D();],,[Op_2D();]
,,
[Phoenix Wright],,[Phoenix Wright]
"#""Don't.""",,"#""อย่า"""
[Wait(20);],,[Wait(20);]
"#"" He'll sue you.""",,"#"" เขาฟ้องเธอแน่"""
[Wait(20);],,[Wait(20);]
[Op_2D();],,[Op_2D();]
[Op_15();],,[Op_15();]
,,
[Ema],,[Ema]
"#""Whoa!""",,"#""โว้ว!"""
[Wait(20);],,[Wait(20);]
"#"" These are all case""",,"#"" นี่สำนวนคดี"""
[NewLine();],,[NewLine();]
"#""files!?""",,"#""หมดเลยหรือเปล่าเนี่ย!?"""
[ReadKey();],,[ReadKey();]
"#""They're stacked up to the""",,"#""เรียงซ้อนกันสูงไปถึง"""
[NewLine();],,[NewLine();]
"#""ceiling!""",,"#""เพดานเลย!"""
[Wait(20);],,[Wait(20);]
"#"" There's even a """,,"#"" มีบันไดด้วย..."""
[NewLine();],,[NewLine();]
"#""ladder...""",,"#"""""
[Op_2D();],,[Op_2D();]
,,
[Phoenix Wright],,[Phoenix Wright]
"#""Odd...""",,"#""แปลก..."""
[ReadKey();],,[ReadKey();]
"#""I thought Edgeworth wasn't""",,"#""จำได้ว่า<เอ็จเวิร์ธ>"""
[NewLine();],,[NewLine();]
"#""good with heights.""",,"#""กลัวความสูงนี่นา"""
[ReadKey();],,[ReadKey();]
,,
[Ema],,[Ema]
"#""He must have someone get""",,"#""เขาน่าจะให้ใคร"""
[NewLine();],,[NewLine();]
"#""them for him.""",,"#""ปีนขึ้นไปเอาให้ล่ะมั้ง"""
[ReadKey();],,[ReadKey();]
,,
[Phoenix Wright],,[Phoenix Wright]
[SetTextColor(Blue);],,[SetTextColor(Blue);]
"#""(Strange...""",,"#""(แปลกจัง..."""
[Wait(20);],,[Wait(20);]
"#"" """,,"#"" """
"#""Why did I just""",,"#""ทำไมฉันถึง"""
[NewLine();],,[NewLine();]
"#""picture Detective Gumshoe?)""",,"#""นึกถึงผู้หมวด<กัมชู>ล่ะเนี่ย?)"""
[SetTextColor(White);],,[SetTextColor(White);]
[ReadKey();],,[ReadKey();]
,,
[Ema],,[Ema]
"#""He must study these case""",,"#""เขาน่าจะศึกษารายงาน"""
[NewLine();],,[NewLine();]
"#""reports so closely...""",,"#""คดีพวกนี้อย่างตั้งใจมากๆ..."""
[NewLine();],,[NewLine();]
"#""He's so cool!""",,"#""โคตรเท่เลย!"""
[Op_2D();],,[Op_2D();]
,,
[Phoenix Wright],,[Phoenix Wright]
"#""You wouldn't say that if you""",,"#""เธอไม่พูดงั้นหรอก"""
[NewLine();],,[NewLine();]
"#""saw him sweating bullets""",,"#""ถ้าเธอเห็นเขาเหงื่อแตกพลั่กๆ"""
[NewLine();],,[NewLine();]
"#""up on that ladder.""",,"#""ตอนปีนบันไดน่ะ"""
[Op_2D();],,[Op_2D();]
[Op_15();],,[Op_15();]
,,
[Ema],,[Ema]
"#""Hey, a chessboard!""",,"#""เฮ้ นี่กระดานหมากรุก!"""
[Op_2D();],,[Op_2D();]
,,
[Phoenix Wright],,[Phoenix Wright]
"#""I'm not too up on my chess""",,"#""ฉันไม่ค่อยเก่งหมากรุกหรอกนะ"""
[NewLine();],,[NewLine();]
"#""but it looks like Blue's""",,"#""แต่รู้สึกว่าสีน้ำเงิน"""
[NewLine();],,[NewLine();]
"#""in a bit of a tight spot.""",,"#""กำลังตกที่นั่งลำบาก"""
[ReadKey();],,[ReadKey();]
,,
[Ema],,[Ema]
"#""The Red Knights have""",,"#""อัศวินสีแดงล้อม"""
[NewLine();],,[NewLine();]
"#""surrounded the Blue Pawn...""",,"#""เบี้ยสีน้ำเงินไว้..."""
[Op_2D();],,[Op_2D();]
,,
[Phoenix Wright],,[Phoenix Wright]
"#""Huh?""",,"#""ห๊ะ?"""
[ReadKey();],,[ReadKey();]
,,
[Ema],,[Ema]
"#""Those horses are mounted""",,"#""อยากรู้จังว่าในชีวิตจริง"""
[NewLine();],,[NewLine();]
"#""knights.""",,"#"""""
[Wait(20);],,[Wait(20);]
"#"" Their swords have""",,"#""ม้าพวกนี้จะวิ่งได้ซักกี่ ""ไมล์"""""
[NewLine();],,[NewLine();]
"#""really sharp ""edges!""""",,"#""ก่อนที่มันจะเหนื่อยกันนะ"""
[ReadKey();],,[ReadKey();]
"#""And check out that poor pawn,""",,"#""แล้วดูเบี้ยน่าสงสารพวกนั้นสิ"""
[NewLine();],,[NewLine();]
"#""his head is kind of spiky...""",,"#""หัวมันแหลมๆ..."""
[Wait(20);],,[Wait(20);]
[NewLine();],,[NewLine();]
"#""Kind of reminds me of you.""",,"#""ทำให้หนูคิดถึงคุณเลย"""
[ReadKey();],,[ReadKey();]
,,
[Ema],,[Ema]
"#""Mr. Edgeworth must be an""",,"#""คุณ<เอ็จเวิร์ธ>ต้องเป็นนักเล่น"""
[NewLine();],,[NewLine();]
"#""avid chess player!""",,"#""หมากรุกตัวตึงแน่ๆ!"""
[NewLine();],,[NewLine();]
"#""What's wrong, Mr. Wright?""",,"#""เป็นไรอะ คุณ<ไรท์>?"""
[Op_2D();],,[Op_2D();]
,,
[Phoenix Wright],,[Phoenix Wright]
[SetTextColor(Blue);],,[SetTextColor(Blue);]
"#""(Edges...""",,"#""(ม้า..."""
[Wait(10);],,[Wait(10);]
"#"" surrounding a pawn""",,"#"" กำลังล้อมรอบ"""
[NewLine();],,[NewLine();]
"#""with spiky hair...""",,"#""เบี้ยหัวแหลมๆ..."""
[Wait(10);],,[Wait(10);]
[NewLine();],,[NewLine();]
"#""Nah...""",,"#""อื้ม..."""
[Wait(10);],,[Wait(10);]
"#"" It's nothing.)""",,"#"" ช่างมันเถอะ)"""
[SetTextColor(White);],,[SetTextColor(White);]
[Op_2D();],,[Op_2D();]
[Op_15();],,[Op_15();]
,,
[Ema],,[Ema]
"#""My,""",,"#""ชะ"""
[Wait(10);],,[Wait(10);]
"#"" my,""",,"#"" ชะ"""
[Wait(10);],,[Wait(10);]
"#"" my!""",,"#"" ช่า!"""
[Wait(20);],,[Wait(20);]
"#"" What an amazing""",,"#"" ช่อดอกไม้"""
[NewLine();],,[NewLine();]
"#""bouquet!""",,"#""สวยจัง!"""
[Wait(20);],,[Wait(20);]
"#"" Just right for""",,"#"" เหมาะสำหรับ"""
[NewLine();],,[NewLine();]
"#""Mr. Edgeworth.""",,"#""คุณ<เอ็จเวิร์ธ>ดี"""
[Op_2D();],,[Op_2D();]
,,
[Phoenix Wright],,[Phoenix Wright]
"#""No kidding.""",,"#""เห็นด้วย"""
[Wait(20);],,[Wait(20);]
"#"" Hey, there's""",,"#"" เฮ้"""
[NewLine();],,[NewLine();]
"#""a card on it...""",,"#""มันมีการ์ดวางอยู่ด้วย..."""
[ReadKey();],,[ReadKey();]
"#""""Back from the Dead -- Wendy""""",,"#""""อยู่รอดปลอดภัย -- <เวนดี้>"""""
[Op_2D();],,[Op_2D();]
[SetTextColor(Blue);],,[SetTextColor(Blue);]
"#""(""Wendy""...?""",,"#""(""<เวนดี้>""...?"""
[Wait(20);],,[Wait(20);]
[NewLine();],,[NewLine();]
"#""I've heard that name""",,"#""เหมือนเคยได้ยิน"""
[NewLine();],,[NewLine();]
"#""somewhere before.)""",,"#""ชื่อนี้มาจากที่ไหนซักที่)"""
[SetTextColor(White);],,[SetTextColor(White);]
[ReadKey();],,[ReadKey();]
,,
[Ema],,[Ema]
"#""And beside it...""",,"#""แล้วอันที่อยู่ข้างๆ..."""
[Wait(20);],,[Wait(20);]
[NewLine();],,[NewLine();]
"#""A giant Steel Samurai!""",,"#""ฟิกเกอร์ซามูไรเหล็กไหลยักษ์!"""
[ReadKey();],,[ReadKey();]
"#""Wow, I want one!""",,"#""ว้าว อยากได้จัง!"""
[Op_2D();],,[Op_2D();]
,,
[Phoenix Wright],,[Phoenix Wright]
"#""Huh?""",,"#""ห๊ะ?"""
[Wait(20);],,[Wait(20);]
"#"" There's something""",,"#"" มันมีอะไรบางอย่าง"""
[NewLine();],,[NewLine();]
"#""written on the bottom""",,"#""เขียนอยู่ข้างใต้"""
[NewLine();],,[NewLine();]
"#""of his foot.""",,"#""เท้าของมันด้วย"""
[ReadKey();],,[ReadKey();]
"#""""Between a rock and a""",,"#""""ร่างกายแข็ง"""
[NewLine();],,[NewLine();]
"#"" hard place -- Wendy""""",,"#""แรงไม่มีโรคภัยเบียดเบียน -- <เวนดี้>"""""
[ReadKey();],,[ReadKey();]
,,
[Ema],,[Ema]
"#""Wendy?""",,"#""<เวนดี้>?"""
[Wait(20);],,[Wait(20);]
"#"" Is she Mr. Edgeworth's""",,"#"" หรือนั่นคือคนรักของ"""
[NewLine();],,[NewLine();]
"#""fiancée? """,,"#""คุณ<เอ็จเวิร์ธ>? """
[ReadKey();],,[ReadKey();]
,,
[Phoenix Wright],,[Phoenix Wright]
"#""Um...""",,"#""เอิ่ม..."""
[Wait(20);],,[Wait(20);]
"#"" I don't think so.""",,"#"" ฉันไม่คิดว่างั้นนะ"""
[Op_2D();],,[Op_2D();]
[Op_15();],,[Op_15();]
,,
[Ema],,[Ema]
"#""Mr. Edgeworth has such a""",,"#""โซฟาของคุณ<เอ็จเวิร์ธ>"""
[NewLine();],,[NewLine();]
"#""comfy sofa!""",,"#""นั่งสบายจัง!"""
[Op_2D();],,[Op_2D();]
,,
[Phoenix Wright],,[Phoenix Wright]
"#""Sofas like this make me want""",,"#""โซฟาแบบนี้แหละที่ทำให้ฉัน"""
[NewLine();],,[NewLine();]
"#""to curl up and take a nap.""",,"#""อยากนอนคุดคู้แล้วงีบ"""
[ReadKey();],,[ReadKey();]
,,
[Ema],,[Ema]
"#""I bet he pours over his case""",,"#""หนูพนันเลยว่าเขาน่าจะเอา"""
[NewLine();],,[NewLine();]
"#""files here until the wee hours""",,"#""เอกสารมากองไว้บนนี้"""
[NewLine();],,[NewLine();]
"#""of the morning...""",,"#""แล้วทำงานจนถึงเช้า..."""
[ReadKey();],,[ReadKey();]
"#""Then he takes off his jacket,""",,"#""จากนั้นเขาก็จะถอดแจ็คเก็ต"""
[NewLine();],,[NewLine();]
"#""rolls up his sleeves...""",,"#""ถกแขนเสื้อขึ้น..."""
[ReadKey();],,[ReadKey();]
"#""And goes to sleep using his""",,"#""แล้วก็นอนโดยใช้แขน"""
[NewLine();],,[NewLine();]
"#""arms as a pillow!""",,"#""ตัวเองเป็นหมอน!"""
[Op_2D();],,[Op_2D();]
,,
[Phoenix Wright],,[Phoenix Wright]
[SetTextColor(Blue);],,[SetTextColor(Blue);]
"#""(I don't believe it.""",,"#""(ฉันไม่อยากเชื่อเลย"""
[Wait(20);],,[Wait(20);]
"#"" """,,"#"""""
"#""She's""",,"#"""""
[NewLine();],,[NewLine();]
"#""actually daydreaming about""",,"#""ว่าเธอจะฝันหวานเรื่อง"""
[NewLine();],,[NewLine();]
"#""Edgeworth working...)""",,"#""<เอ็จเวิร์ธ>ทำงาน...)"""
[SetTextColor(White);],,[SetTextColor(White);]
[ReadKey();],,[ReadKey();]
,,
[Ema],,[Ema]
"#""I bet in the morning he has""",,"#""เชื่อเลยว่าตอนตื่นมา"""
[NewLine();],,[NewLine();]
"#""sofa hair, and little creases""",,"#""เขาน่าจะมีรอยโซฟากับ"""
[NewLine();],,[NewLine();]
"#""in his cheek from the seams!""",,"#""ขนโซฟาติดแก้มแน่ๆ!"""
[ReadKey();],,[ReadKey();]
"#""He's so cool!""",,"#""โคตรเท่เลย!"""
[Op_2D();],,[Op_2D();]
,,
[Phoenix Wright],,[Phoenix Wright]
"#""Sofa-hair is cool!?""",,"#""ขนโซฟามันเท่ยังไงล่ะนั่น!?"""
[Op_2D();],,[Op_2D();]
[Op_15();],,[Op_15();]
,,
[Ema],,[Ema]
"#""Wow!""",,"#""ว้าว!"""
[Wait(20);],,[Wait(20);]
"#"" This jacket is even""",,"#"" แจ็คเก็ตนี้ดูประณีตกว่า"""
[NewLine();],,[NewLine();]
"#""lacier than his usual ones!""",,"#""ตัวที่เขาใส่ประจำแฮะ!"""
[ReadKey();],,[ReadKey();]
"#""This must be his lucky""",,"#""นี่น่าจะเป็นชุดนำโชค"""
[NewLine();],,[NewLine();]
"#""trial jacket!""",,"#""ของเขาแน่เลย!"""
[Op_2D();],,[Op_2D();]
,,
[Phoenix Wright],,[Phoenix Wright]
"#""Lucky jacket, right...""",,"#""ชุดนำโชคเหรอ..."""
[Wait(20);],,[Wait(20);]
[NewLine();],,[NewLine();]
"#""I've never seen him wear it.""",,"#""ฉันไม่เคยเห็นเขาใส่เลย"""
[ReadKey();],,[ReadKey();]
,,
[Ema],,[Ema]
"#""I'm sure there's a story""",,"#""มั่นใจเลยว่าต้องมีเบื้องหลัง"""
[NewLine();],,[NewLine();]
"#""behind why it's in a frame!""",,"#""ว่าทำไมมันถึงมาอยู่ในกรอบแน่ๆ!"""
[ReadKey();],,[ReadKey();]
"#""Maybe I'll be naughty...""",,"#""ขอหนูซน..."""
[NewLine();],,[NewLine();]
"#""and take a picture!""",,"#""แล้วถ่ายรูปเก็บไว้หน่อยละกัน!"""
[Op_2D();],,[Op_2D();]
,,
[Phoenix Wright],,[Phoenix Wright]
[SetTextColor(Blue);],,[SetTextColor(Blue);]
"#""(She's getting way too """,,"#""(จะตื่นเต้น"""
[NewLine();],,[NewLine();]
"#""excited about this.)""",,"#""อะไรเบอร์นี้)"""
[SetTextColor(White);],,[SetTextColor(White);]
[Op_2D();],,[Op_2D();]
[Op_15();],,[Op_15();]
,,
[Miles Edgeworth],,[Miles Edgeworth]
"#""I once dreamed of being""",,"#""ฉันเคยฝันว่าอยากเป็น"""
[NewLine();],,[NewLine();]
"#""a defense attorney, a """,,"#""ทนายความมาเมื่อ"""
[NewLine();],,[NewLine();]
"#""long time ago.""",,"#""นานมาแล้ว"""
[Op_2D();],,[Op_2D();]
,,
[Ema],,[Ema]
"#""What?""",,"#""ว่าไงนะ?"""
[Wait(20);],,[Wait(20);]
"#"" You wanted to""",,"#"" คุณอยากเป็น"""
[NewLine();],,[NewLine();]
"#""be a defense attorney, """,,"#""ทนายความเหรอคะ"""
[NewLine();],,[NewLine();]
"#""Mr. Edgeworth?""",,"#""คุณ<เอ็จเวิร์ธ>?"""
[Op_2D();],,[Op_2D();]
,,
[Miles Edgeworth],,[Miles Edgeworth]
"#""Yet, my path is laid out""",,"#""แต่ฉันก็เลือกเดินเส้นทาง"""
[NewLine();],,[NewLine();]
"#""clearly before me...""",,"#""นี้มาแล้ว..."""
[ReadKey();],,[ReadKey();]
"#""I have no time to reflect""",,"#""ฉันไม่มีเวลามาหันกลับ"""
[NewLine();],,[NewLine();]
"#""on what might have been.""",,"#""ไปมองเรื่องในอดีต"""
[ReadKey();],,[ReadKey();]
[Op_15();],,[Op_15();]
,,
[Phoenix Wright],,[Phoenix Wright]
"#""Say, Edgeworth, I was""",,"#""นี่ <เอ็จเวิร์ธ>"""
[NewLine();],,[NewLine();]
"#""wondering about this...""",,"#""ฉันสงสัยเกี่ยวกับเจ้านี่..."""
[ReadKey();],,[ReadKey();]
,,
[Ema],,[Ema]
"#""M-""",,"#""ค-"""
[Wait(8);],,[Wait(8);]
"#""Mr. Wright!""",,"#""คุณ<ไรท์>!"""
[Op_2D();],,[Op_2D();]
,,
[Phoenix Wright],,[Phoenix Wright]
"#""Huh?""",,"#""ห๊ะ?"""
[Wait(20);],,[Wait(20);]
"#"" What?""",,"#"" ว่า?"""
[ReadKey();],,[ReadKey();]
,,
[Ema],,[Ema]
"#""Are you sure you should be""",,"#""แน่ใจเหรอว่าอยากเอา"""
[NewLine();],,[NewLine();]
"#""showing that to Mr. Edgeworth?""",,"#""ให้คุณ<เอ็จเวิร์ธ>ดูน่ะ?"""
[Op_2D();],,[Op_2D();]
,,
[Phoenix Wright],,[Phoenix Wright]
"#""Oh.""",,"#""โอ้"""
[Wait(20);],,[Wait(20);]
[NewLine();],,[NewLine();]
[SetTextColor(Blue);],,[SetTextColor(Blue);]
"#""(He'll take it for sure,""",,"#""(เขาจะยึดมันไปสินะ)"""
[NewLine();],,[NewLine();]
"#""won't he.)""",,"#"""""
[SetTextColor(White);],,[SetTextColor(White);]
[ReadKey();],,[ReadKey();]
,,
[Ema],,[Ema]
"#""*sigh*""",,"#""*เฮ้อ*"""
[ReadKey();],,[ReadKey();]
"#""I wish I could be on the same""",,"#""หนูอยากอยู่ฝั่งเดียวกัน"""
[NewLine();],,[NewLine();]
"#""side as Mr. Edgeworth...""",,"#""กับคุณ<เอ็จเวิร์ธ>นะ..."""
[ReadKey();],,[ReadKey();]
"#""But then my sister would""",,"#""แต่ถ้าอย่างงั้นพี่หนูก็"""
[NewLine();],,[NewLine();]
"#""be found guilty!""",,"#""มีความผิดน่ะสิ!"""
[Op_2D();],,[Op_2D();]
,,
[Phoenix Wright],,[Phoenix Wright]
[SetTextColor(Blue);],,[SetTextColor(Blue);]
"#""(If she sighs any deeper""",,"#""(ถ้าถอนหายใจอีกรอบ"""
[NewLine();],,[NewLine();]
"#""I'm going to start getting""",,"#""ฉันจะซึมเศร้า"""
[NewLine();],,[NewLine();]
"#""depressed...)""",,"#""จริงๆ แล้วนะ...)"""
[SetTextColor(White);],,[SetTextColor(White);]
[Op_2D();],,[Op_2D();]
[Op_15();],,[Op_15();]
,,
[Phoenix Wright],,[Phoenix Wright]
"#""So, basically, this says you""",,"#""งั้นนี่ก็บอกว่านายเป็น"""
[NewLine();],,[NewLine();]
"#""were the best of the best""",,"#""ที่สุดของที่สุดเมื่อปีก่อน"""
[NewLine();],,[NewLine();]
"#""last year, huh?""",,"#""ใช่ไหม?"""
[ReadKey();],,[ReadKey();]
,,
[Miles Edgeworth],,[Miles Edgeworth]
"#""You can take that foolish""",,"#""หยุดแสยะยิ้มอย่างงั้น"""
[NewLine();],,[NewLine();]
"#""grin elsewhere, Wright.""",,"#""เดี๋ยวนี้เลย <ไรท์>"""
[ReadKey();],,[ReadKey();]
"#""I lost a day of work""",,"#""ฉันต้องพักงานไปรับ"""
[NewLine();],,[NewLine();]
"#""to receive that travesty.""",,"#""ไอ้ของกิ๊กก๊อกนั่นเลยนะ"""
[Op_2D();],,[Op_2D();]
,,
[Ema],,[Ema]
"#""Huh?""",,"#""ห๊ะ?"""
[Wait(20);],,[Wait(20);]
"#"" """,,"#"" """
[Wait(20);],,[Wait(20);]
"#""Why's that?""",,"#""ทำไมล่ะ?"""
[Op_2D();],,[Op_2D();]
,,
[Miles Edgeworth],,[Miles Edgeworth]
"#""I had to go to """,,"#""ฉันต้องไปที่"""
[SetTextColor(Red);],,[SetTextColor(Red);]
"#""the Police""",,"#""กรมตำรวจ"""
[NewLine();],,[NewLine();]
"#""Department""",,"#"""""
[SetTextColor(White);],,[SetTextColor(White);]
"#"" to receive""",,"#""เพื่อไปรับ"""
[NewLine();],,[NewLine();]
"#""that broken shield.""",,"#""โล่พังๆ นั่น"""
[Op_2D();],,[Op_2D();]
,,
[Phoenix Wright],,[Phoenix Wright]
"#""The Police Department?""",,"#""กรมตำรวจ?"""
[ReadKey();],,[ReadKey();]
,,
[Miles Edgeworth],,[Miles Edgeworth]
"#""Yes.""",,"#""ใช่"""
[Wait(20);],,[Wait(20);]
"#"" Right next to the Police""",,"#"" อยู่ข้างสถานีตำรวจในเมือง"""
[NewLine();],,[NewLine();]
"#""Station downtown.""",,"#"""""
[Wait(20);],,[Wait(20);]
"#"" You've""",,"#""นายเคยไปมาก่อนไหมเนี่ย?"""
[NewLine();],,[NewLine();]
"#""been THERE, haven't you?""",,"#"""""
[Op_2D();],,[Op_2D();]
,,
[Phoenix Wright],,[Phoenix Wright]
"#""Where """,,"#""ที่ที่"""
"#""Detective Gumshoe""",,"#""ผู้หมวด<กัมชู>"""
[NewLine();],,[NewLine();]
"#""works?""",,"#""ทำงานอะนะ?"""
[Wait(20);],,[Wait(20);]
"#"" Yeah.""",,"#"" เคย"""
[Op_2D();],,[Op_2D();]
,,
[Ema],,[Ema]
"#""Um, I was wondering something""",,"#""เอิ่ม หนูสงสัยอยู่อย่างนึง"""
[NewLine();],,[NewLine();]
"#""about your shield...""",,"#""เรื่องโล่ของคุณ..."""
[NewLine();],,[NewLine();]
"#""Why is it broken?""",,"#""ทำไมมันพังอะ?"""
[Op_2D();],,[Op_2D();]
,,
[Miles Edgeworth],,[Miles Edgeworth]
"#""What does it matter?""",,"#""จะสนใจทำไม?"""
[NewLine();],,[NewLine();]
"#""I've got more important""",,"#""อีกอย่าง ฉันมีเรื่องที่"""
[NewLine();],,[NewLine();]
"#""things to worry about.""",,"#""สำคัญกว่าให้คิด"""
[Op_2D();],,[Op_2D();]
,,
[Ema],,[Ema]
"#""Oh.""",,"#""โอ้"""
[Wait(20);],,[Wait(20);]
"#"" Right...""",,"#"" โอเคค่ะ..."""
[Op_2D();],,[Op_2D();]
,,
[Phoenix Wright],,[Phoenix Wright]
[SetTextColor(Blue);],,[SetTextColor(Blue);]
"#""(He doesn't seem too concerned""",,"#""(เขาดูไม่ค่อยสนใจเรื่อง"""
[NewLine();],,[NewLine();]
"#""about his award, for better""",,"#""รางวัลเท่าไหร่ ด้วยสาเหตุ"""
[NewLine();],,[NewLine();]
"#""or for worse.)""",,"#""อะไรก็แล้วแต่)"""
[SetTextColor(White);],,[SetTextColor(White);]
[ReadKey();],,[ReadKey();]
,,
[Miles Edgeworth],,[Miles Edgeworth]
"#""Yesterday was a very busy""",,"#""เมื่อวานเป็นวันที่ยุ่งมาก"""
[NewLine();],,[NewLine();]
"#""day for the Prosecutor's""",,"#""สำหรับสำนักงานอัยการ"""
[NewLine();],,[NewLine();]
"#""Office.""",,"#"""""
[Op_2D();],,[Op_2D();]
,,
[Ema],,[Ema]
"#""Maybe...""",,"#""บางที..."""
[Wait(20);],,[Wait(20);]
"#"" we should ask him""",,"#"" เราควรจะถามเขา"""
[NewLine();],,[NewLine();]
"#""more about yesterday?""",,"#""เรื่องเมื่อวานดีไหมนะ?"""
[Op_2D();],,[Op_2D();]
[Op_15();],,[Op_15();]
,,
[Miles Edgeworth],,[Miles Edgeworth]
"#""It's against my policy to""",,"#""มันผิดนโยบายของฉัน ที่จะ"""
[NewLine();],,[NewLine();]
"#""discuss evidence with the""",,"#""หารือเรื่องหลักฐาน"""
[NewLine();],,[NewLine();]
"#""defense.""",,"#""กับฝ่ายจำเลย"""
[ReadKey();],,[ReadKey();]
"#""Especially with you.""",,"#""โดยเฉพาะกับนาย"""
[Op_2D();],,[Op_2D();]
,,
[Ema],,[Ema]
"#""He doesn't like you much, """,,"#""ดูๆ แล้วเขาไม่ชอบ"""
[NewLine();],,[NewLine();]
"#""does he, Mr. Wright?""",,"#""คุณเท่าไหร่นะ คุณ<ไรท์>"""
[Op_2D();],,[Op_2D();]
,,
[Phoenix Wright],,[Phoenix Wright]
[SetTextColor(Blue);],,[SetTextColor(Blue);]
"#""(Nah.""",,"#""(ไม่หรอก"""
[Wait(20);],,[Wait(20);]
"#"" With Edgeworth it's""",,"#"" <เอ็จเวิร์ธ>ไม่ใช่คน"""
[NewLine();],,[NewLine();]
"#""never personal...""",,"#""คิดเรื่องส่วนตัว..."""
[Wait(20);],,[Wait(20);]
"#"" It's all """,,"#"" มีแต่คิดว่าจะชนะ"""
[NewLine();],,[NewLine();]
"#""about winning tomorrow.)""",,"#""ยังไงในวันพรุ่งนี้)"""
[SetTextColor(White);],,[SetTextColor(White);]
[ReadKey();],,[ReadKey();]
[Op_15();],,[Op_15();]